2024-10-13T17:11:21.080-04:00,IdeState,Active,tasktracker,*,-1,-1
2024-10-13T17:11:22.081-04:00,IdeState,Active,tasktracker,*,-1,-1
2024-10-13T17:11:23.085-04:00,IdeState,Active,Editor,max_digit.py,0,0
2024-10-13T17:11:23.937-04:00,Action,EditorRight,Editor,max_digit.py,2,20
2024-10-13T17:11:24.086-04:00,IdeState,Active,Editor,max_digit.py,2,21
2024-10-13T17:11:24.105-04:00,Action,EditorRight,Editor,max_digit.py,2,21
2024-10-13T17:11:24.344-04:00,Action,EditorEnter,Editor,max_digit.py,2,22
2024-10-13T17:11:25.086-04:00,IdeState,Active,Editor,max_digit.py,3,0
2024-10-13T17:11:26.087-04:00,IdeState,Active,Editor,max_digit.py,3,5
2024-10-13T17:11:27.089-04:00,IdeState,Active,Editor,max_digit.py,3,9
2024-10-13T17:11:28.095-04:00,IdeState,Active,Editor,max_digit.py,3,14
2024-10-13T17:11:29.097-04:00,IdeState,Active,Editor,max_digit.py,3,18
2024-10-13T17:11:30.098-04:00,IdeState,Active,Editor,max_digit.py,3,18
2024-10-13T17:11:31.099-04:00,IdeState,Active,Project,*,-1,-1
2024-10-13T17:11:32.103-04:00,IdeState,Active,Project,*,-1,-1
2024-10-13T17:11:33.109-04:00,IdeState,Active,tasktracker,*,-1,-1
2024-10-13T17:11:34.110-04:00,IdeState,Active,tasktracker,*,-1,-1
2024-10-13T17:11:35.113-04:00,IdeState,Active,tasktracker,*,-1,-1
2024-10-13T17:11:36.114-04:00,IdeState,Active,Editor,voting.py,0,0
2024-10-13T17:11:37.089-04:00,Action,EditorEnter,Editor,voting.py,2,22
2024-10-13T17:11:37.115-04:00,IdeState,Active,Editor,voting.py,3,0
2024-10-13T17:11:38.117-04:00,IdeState,Active,Editor,voting.py,3,5
2024-10-13T17:11:39.119-04:00,IdeState,Active,Editor,voting.py,3,8
2024-10-13T17:11:40.120-04:00,IdeState,Active,Editor,voting.py,3,14
