Unnamed: 0,date,timestamp,fileName,fileHashCode,documentHashCode,fragment,userId,testMode,program,chosenTask,programmingLanguage,language,timestampAti,eventType,eventData
0,2025-03-13T16:56:30.230-04:00,0,branch_coverage_81285.py,81285,1519517787,"# Write code for the branch_coverage task in this file

# Write your code here",5,ON,5231325,1,python,python,,,
1,2025-03-13T16:56:37.391-04:00,0,branch_coverage_81285.py,81285,1519517787,"# Write code for the branch_coverage task in this file

# Write your code here",5,ON,5231325,branch_coverage,python,python,,,
2,2025-03-13T16:56:37.759-04:00,6,branch_coverage_81285.py,81285,1519517787,"# Write code for the branch_coverage task in this file

# Write your code here
",5,ON,5231325,branch_coverage,python,python,,,
3,2025-03-13T16:56:37.789-04:00,11,branch_coverage_81285.py,81285,1519517787,"# Write code for the branch_coverage task in this file

# Write your code here
p",5,ON,5231325,branch_coverage,python,python,,,
4,2025-03-13T16:56:38.461-04:00,12,branch_coverage_81285.py,81285,1519517787,"# Write code for the branch_coverage task in this file

# Write your code here
pr",5,ON,5231325,branch_coverage,python,python,,,
5,2025-03-13T16:56:38.516-04:00,19,branch_coverage_81285.py,81285,1519517787,"# Write code for the branch_coverage task in this file

# Write your code here
pri",5,ON,5231325,branch_coverage,python,python,,,
6,2025-03-13T16:56:38.534-04:00,20,branch_coverage_81285.py,81285,1519517787,"# Write code for the branch_coverage task in this file

# Write your code here
prin",5,ON,5231325,branch_coverage,python,python,,,
7,2025-03-13T16:56:39.093-04:00,21,branch_coverage_81285.py,81285,1519517787,"# Write code for the branch_coverage task in this file

# Write your code here
print",5,ON,5231325,branch_coverage,python,python,,,
8,2025-03-13T16:56:39.101-04:00,34,branch_coverage_81285.py,81285,1519517787,"# Write code for the branch_coverage task in this file

# Write your code here
print(",5,ON,5231325,branch_coverage,python,python,,,
9,2025-03-13T16:56:40.103-04:00,35,branch_coverage_81285.py,81285,1519517787,"# Write code for the branch_coverage task in this file

# Write your code here
print()",5,ON,5231325,branch_coverage,python,python,,,
10,2025-03-13T16:56:40.116-04:00,43,branch_coverage_81285.py,81285,1519517787,"# Write code for the branch_coverage task in this file

# Write your code here
print("")",5,ON,5231325,branch_coverage,python,python,,,
11,2025-03-13T16:56:41.756-04:00,44,branch_coverage_81285.py,81285,1519517787,"# Write code for the branch_coverage task in this file

# Write your code here
print("""")",5,ON,5231325,branch_coverage,python,python,,,
12,2025-03-13T16:56:41.852-04:00,151,branch_coverage_81285.py,81285,1519517787,"# Write code for the branch_coverage task in this file

# Write your code here
print(""h"")",5,ON,5231325,branch_coverage,python,python,,,
13,2025-03-13T16:56:42.014-04:00,192,branch_coverage_81285.py,81285,1519517787,"# Write code for the branch_coverage task in this file

# Write your code here
print(""he"")",5,ON,5231325,branch_coverage,python,python,,,
14,2025-03-13T16:56:42.146-04:00,245,branch_coverage_81285.py,81285,1519517787,"# Write code for the branch_coverage task in this file

# Write your code here
print(""hel"")",5,ON,5231325,branch_coverage,python,python,,,
15,2025-03-13T16:56:42.304-04:00,293,branch_coverage_81285.py,81285,1519517787,"# Write code for the branch_coverage task in this file

# Write your code here
print(""hell"")",5,ON,5231325,branch_coverage,python,python,,,
16,2025-03-13T16:56:42.550-04:00,341,branch_coverage_81285.py,81285,1519517787,"# Write code for the branch_coverage task in this file

# Write your code here
print(""hello"")",5,ON,5231325,branch_coverage,python,python,,,
17,2025-03-13T16:56:42.562-04:00,399,branch_coverage_81285.py,81285,1519517787,"# Write code for the branch_coverage task in this file

# Write your code here
print(""hello "")",5,ON,5231325,branch_coverage,python,python,,,
18,2025-03-13T16:56:42.676-04:00,400,branch_coverage_81285.py,81285,1519517787,"# Write code for the branch_coverage task in this file

# Write your code here
print(""hello w"")",5,ON,5231325,branch_coverage,python,python,,,
19,2025-03-13T16:56:42.732-04:00,449,branch_coverage_81285.py,81285,1519517787,"# Write code for the branch_coverage task in this file

# Write your code here
print(""hello wo"")",5,ON,5231325,branch_coverage,python,python,,,
20,2025-03-13T16:56:42.821-04:00,465,branch_coverage_81285.py,81285,1519517787,"# Write code for the branch_coverage task in this file

# Write your code here
print(""hello wor"")",5,ON,5231325,branch_coverage,python,python,,,
21,2025-03-13T16:56:42.932-04:00,506,branch_coverage_81285.py,81285,1519517787,"# Write code for the branch_coverage task in this file

# Write your code here
print(""hello worl"")",5,ON,5231325,branch_coverage,python,python,,,
22,2025-03-13T16:56:43.679-04:00,558,branch_coverage_81285.py,81285,1519517787,"# Write code for the branch_coverage task in this file

# Write your code here
print(""hello world"")",5,ON,5231325,branch_coverage,python,python,,,
23,2025-03-13T16:56:43.849-04:00,608,branch_coverage_81285.py,81285,1519517787,"# Write code for the branch_coverage task in this file

# Write your code here
print(""hello world."")",5,ON,5231325,branch_coverage,python,python,,,
24,2025-03-13T16:56:43.988-04:00,642,branch_coverage_81285.py,81285,1519517787,"# Write code for the branch_coverage task in this file

# Write your code here
print(""hello world. "")",5,ON,5231325,branch_coverage,python,python,,,
25,2025-03-13T16:56:44.101-04:00,656,branch_coverage_81285.py,81285,1519517787,"# Write code for the branch_coverage task in this file

# Write your code here
print(""hello world. t"")",5,ON,5231325,branch_coverage,python,python,,,
26,2025-03-13T16:56:44.163-04:00,684,branch_coverage_81285.py,81285,1519517787,"# Write code for the branch_coverage task in this file

# Write your code here
print(""hello world. to"")",5,ON,5231325,branch_coverage,python,python,,,
27,2025-03-13T16:56:44.259-04:00,698,branch_coverage_81285.py,81285,1519517787,"# Write code for the branch_coverage task in this file

# Write your code here
print(""hello world. tod"")",5,ON,5231325,branch_coverage,python,python,,,
28,2025-03-13T16:56:44.374-04:00,728,branch_coverage_81285.py,81285,1519517787,"# Write code for the branch_coverage task in this file

# Write your code here
print(""hello world. toda"")",5,ON,5231325,branch_coverage,python,python,,,
29,2025-03-13T16:56:44.490-04:00,758,branch_coverage_81285.py,81285,1519517787,"# Write code for the branch_coverage task in this file

# Write your code here
print(""hello world. today"")",5,ON,5231325,branch_coverage,python,python,,,
30,2025-03-13T16:56:44.621-04:00,791,branch_coverage_81285.py,81285,1519517787,"# Write code for the branch_coverage task in this file

# Write your code here
print(""hello world. today "")",5,ON,5231325,branch_coverage,python,python,,,
31,2025-03-13T16:56:44.768-04:00,805,branch_coverage_81285.py,81285,1519517787,"# Write code for the branch_coverage task in this file

# Write your code here
print(""hello world. today i"")",5,ON,5231325,branch_coverage,python,python,,,
32,2025-03-13T16:56:44.864-04:00,835,branch_coverage_81285.py,81285,1519517787,"# Write code for the branch_coverage task in this file

# Write your code here
print(""hello world. today is"")",5,ON,5231325,branch_coverage,python,python,,,
33,2025-03-13T16:56:45.113-04:00,870,branch_coverage_81285.py,81285,1519517787,"# Write code for the branch_coverage task in this file

# Write your code here
print(""hello world. today is "")",5,ON,5231325,branch_coverage,python,python,,,
34,2025-03-13T16:56:45.207-04:00,884,branch_coverage_81285.py,81285,1519517787,"# Write code for the branch_coverage task in this file

# Write your code here
print(""hello world. today is M"")",5,ON,5231325,branch_coverage,python,python,,,
35,2025-03-13T16:56:45.254-04:00,912,branch_coverage_81285.py,81285,1519517787,"# Write code for the branch_coverage task in this file

# Write your code here
print(""hello world. today is Ma"")",5,ON,5231325,branch_coverage,python,python,,,
36,2025-03-13T16:56:45.476-04:00,925,branch_coverage_81285.py,81285,1519517787,"# Write code for the branch_coverage task in this file

# Write your code here
print(""hello world. today is Mar"")",5,ON,5231325,branch_coverage,python,python,,,
37,2025-03-13T16:56:45.550-04:00,954,branch_coverage_81285.py,81285,1519517787,"# Write code for the branch_coverage task in this file

# Write your code here
print(""hello world. today is Marc"")",5,ON,5231325,branch_coverage,python,python,,,
38,2025-03-13T16:56:45.689-04:00,975,branch_coverage_81285.py,81285,1519517787,"# Write code for the branch_coverage task in this file

# Write your code here
print(""hello world. today is March"")",5,ON,5231325,branch_coverage,python,python,,,
39,2025-03-13T16:56:45.804-04:00,1012,branch_coverage_81285.py,81285,1519517787,"# Write code for the branch_coverage task in this file

# Write your code here
print(""hello world. today is March "")",5,ON,5231325,branch_coverage,python,python,,,
40,2025-03-13T16:56:45.969-04:00,1026,branch_coverage_81285.py,81285,1519517787,"# Write code for the branch_coverage task in this file

# Write your code here
print(""hello world. today is March 1"")",5,ON,5231325,branch_coverage,python,python,,,
41,2025-03-13T16:56:46.234-04:00,1053,branch_coverage_81285.py,81285,1519517787,"# Write code for the branch_coverage task in this file

# Write your code here
print(""hello world. today is March 13"")",5,ON,5231325,branch_coverage,python,python,,,
42,2025-03-13T16:56:46.477-04:00,1082,branch_coverage_81285.py,81285,1519517787,"# Write code for the branch_coverage task in this file

# Write your code here
print(""hello world. today is March 13,"")",5,ON,5231325,branch_coverage,python,python,,,
43,2025-03-13T16:56:46.556-04:00,1096,branch_coverage_81285.py,81285,1519517787,"# Write code for the branch_coverage task in this file

# Write your code here
print(""hello world. today is March 13, "")",5,ON,5231325,branch_coverage,python,python,,,
44,2025-03-13T16:56:47.130-04:00,1110,branch_coverage_81285.py,81285,1519517787,"# Write code for the branch_coverage task in this file

# Write your code here
print(""hello world. today is March 13, 1"")",5,ON,5231325,branch_coverage,python,python,,,
45,2025-03-13T16:56:47.353-04:00,1158,branch_coverage_81285.py,81285,1519517787,"# Write code for the branch_coverage task in this file

# Write your code here
print(""hello world. today is March 13, 12"")",5,ON,5231325,branch_coverage,python,python,,,
46,2025-03-13T16:56:47.474-04:00,1172,branch_coverage_81285.py,81285,1519517787,"# Write code for the branch_coverage task in this file

# Write your code here
print(""hello world. today is March 13, 1"")",5,ON,5231325,branch_coverage,python,python,,,
47,2025-03-13T16:56:47.570-04:00,1186,branch_coverage_81285.py,81285,1519517787,"# Write code for the branch_coverage task in this file

# Write your code here
print(""hello world. today is March 13, "")",5,ON,5231325,branch_coverage,python,python,,,
48,2025-03-13T16:56:47.662-04:00,1200,branch_coverage_81285.py,81285,1519517787,"# Write code for the branch_coverage task in this file

# Write your code here
print(""hello world. today is March 13, 2"")",5,ON,5231325,branch_coverage,python,python,,,
49,2025-03-13T16:56:47.757-04:00,1228,branch_coverage_81285.py,81285,1519517787,"# Write code for the branch_coverage task in this file

# Write your code here
print(""hello world. today is March 13, 20"")",5,ON,5231325,branch_coverage,python,python,,,
50,2025-03-13T16:56:47.845-04:00,1256,branch_coverage_81285.py,81285,1519517787,"# Write code for the branch_coverage task in this file

# Write your code here
print(""hello world. today is March 13, 202"")",5,ON,5231325,branch_coverage,python,python,,,
51,2025-03-13T16:56:51.212-04:00,1284,branch_coverage_81285.py,81285,1519517787,"# Write code for the branch_coverage task in this file

# Write your code here
print(""hello world. today is March 13, 2025"")",5,ON,5231325,branch_coverage,python,python,,,
