2025-01-22T23:22:02.787-05:00,IdeState,Active,tasktracker,*,-1,-1
2025-01-22T23:22:03.791-05:00,IdeState,Active,tasktracker,*,-1,-1
2025-01-22T23:22:05.227-05:00,IdeState,Active,Project,*,-1,-1
2025-01-22T23:22:06.227-05:00,IdeState,Active,Editor,pies.py,5,41
2025-01-22T23:22:07.229-05:00,IdeState,Active,Editor,pies.py,5,41
2025-01-22T23:22:08.231-05:00,IdeState,Active,Project,*,-1,-1
2025-01-22T23:22:09.237-05:00,IdeState,Active,Project,*,-1,-1
2025-01-22T23:22:10.239-05:00,IdeState,Active,Project,*,-1,-1
2025-01-22T23:22:11.239-05:00,IdeState,Active,Project,*,-1,-1
2025-01-22T23:22:12.241-05:00,IdeState,Active,Project,*,-1,-1
2025-01-22T23:22:13.242-05:00,IdeState,Active,Project,*,-1,-1
2025-01-22T23:22:14.243-05:00,IdeState,Active,Project,*,-1,-1
2025-01-22T23:22:15.244-05:00,IdeState,Active,Project,*,-1,-1
2025-01-22T23:22:16.246-05:00,IdeState,Active,Project,*,-1,-1
2025-01-22T23:22:17.248-05:00,IdeState,Active,Project,*,-1,-1
2025-01-22T23:22:18.249-05:00,IdeState,Active,Project,*,-1,-1
2025-01-22T23:22:19.251-05:00,IdeState,Inactive,,*,-1,-1
2025-01-22T23:22:20.252-05:00,IdeState,Inactive,,*,-1,-1
2025-01-22T23:22:21.253-05:00,IdeState,Inactive,,*,-1,-1
2025-01-22T23:22:22.256-05:00,IdeState,Inactive,,*,-1,-1
2025-01-22T23:22:23.257-05:00,IdeState,Inactive,,*,-1,-1
2025-01-22T23:22:24.258-05:00,IdeState,Inactive,,*,-1,-1
2025-01-22T23:22:25.259-05:00,IdeState,Inactive,,*,-1,-1
2025-01-22T23:22:26.261-05:00,IdeState,Inactive,,*,-1,-1
2025-01-22T23:22:27.263-05:00,IdeState,Inactive,,*,-1,-1
2025-01-22T23:22:28.264-05:00,IdeState,Inactive,,*,-1,-1
2025-01-22T23:22:29.265-05:00,IdeState,Inactive,,*,-1,-1
2025-01-22T23:22:30.267-05:00,IdeState,Inactive,,*,-1,-1
2025-01-22T23:22:31.268-05:00,IdeState,Inactive,,*,-1,-1
2025-01-22T23:22:32.269-05:00,IdeState,Inactive,,*,-1,-1
2025-01-22T23:22:33.271-05:00,IdeState,Inactive,,*,-1,-1
2025-01-22T23:22:34.272-05:00,IdeState,Inactive,,*,-1,-1
2025-01-22T23:22:35.273-05:00,IdeState,Inactive,,*,-1,-1
2025-01-22T23:22:36.273-05:00,IdeState,Inactive,,*,-1,-1
2025-01-22T23:22:37.274-05:00,IdeState,Inactive,,*,-1,-1
2025-01-22T23:22:38.278-05:00,IdeState,Inactive,,*,-1,-1
2025-01-22T23:22:39.279-05:00,IdeState,Inactive,,*,-1,-1
2025-01-22T23:22:40.279-05:00,IdeState,Inactive,,*,-1,-1
2025-01-22T23:22:41.281-05:00,IdeState,Inactive,,*,-1,-1
2025-01-22T23:22:42.282-05:00,IdeState,Inactive,,*,-1,-1
2025-01-22T23:22:43.283-05:00,IdeState,Inactive,,*,-1,-1
2025-01-22T23:22:44.283-05:00,IdeState,Inactive,,*,-1,-1
2025-01-22T23:22:45.285-05:00,IdeState,Inactive,,*,-1,-1
2025-01-22T23:22:46.287-05:00,IdeState,Inactive,,*,-1,-1
2025-01-22T23:22:47.289-05:00,IdeState,Inactive,,*,-1,-1
2025-01-22T23:22:48.291-05:00,IdeState,Inactive,,*,-1,-1
2025-01-22T23:22:49.292-05:00,IdeState,Inactive,,*,-1,-1
2025-01-22T23:22:50.293-05:00,IdeState,Inactive,,*,-1,-1
2025-01-22T23:22:51.295-05:00,IdeState,Inactive,,*,-1,-1
2025-01-22T23:22:52.295-05:00,IdeState,Inactive,,*,-1,-1
2025-01-22T23:22:53.296-05:00,IdeState,Inactive,,*,-1,-1
2025-01-22T23:22:54.298-05:00,IdeState,Inactive,,*,-1,-1
2025-01-22T23:22:55.299-05:00,IdeState,Inactive,,*,-1,-1
2025-01-22T23:22:56.301-05:00,IdeState,Inactive,,*,-1,-1
2025-01-22T23:22:57.303-05:00,IdeState,Inactive,,*,-1,-1
2025-01-22T23:22:58.304-05:00,IdeState,Inactive,,*,-1,-1
2025-01-22T23:22:59.306-05:00,IdeState,Inactive,,*,-1,-1
2025-01-22T23:23:00.309-05:00,IdeState,Inactive,,*,-1,-1
2025-01-22T23:23:01.311-05:00,IdeState,Inactive,,*,-1,-1
2025-01-22T23:23:02.312-05:00,IdeState,Inactive,,*,-1,-1
2025-01-23T17:11:53.018-05:00,IdeState,Inactive,,*,-1,-1
2025-01-23T17:11:54.085-05:00,IdeState,Inactive,,*,-1,-1
2025-01-23T17:11:55.086-05:00,IdeState,Inactive,,*,-1,-1
2025-01-23T17:11:56.094-05:00,IdeState,Inactive,,*,-1,-1
2025-01-23T17:11:57.104-05:00,IdeState,Inactive,,*,-1,-1
2025-01-23T17:11:58.105-05:00,IdeState,Inactive,,*,-1,-1
2025-01-23T17:12:00.030-05:00,IdeState,NoProject,,*,-1,-1
2025-01-23T17:12:01.378-05:00,IdeState,Active,Popup,*,-1,-1
2025-01-23T17:12:02.471-05:00,IdeState,Active,Popup,*,-1,-1
2025-01-23T17:12:03.680-05:00,IdeState,Active,Project,*,-1,-1
2025-01-23T17:12:04.688-05:00,IdeState,Active,Project,*,-1,-1
2025-01-23T17:12:05.838-05:00,IdeState,Inactive,,*,-1,-1
2025-01-23T17:12:06.841-05:00,IdeState,Inactive,,*,-1,-1
2025-01-23T17:12:07.843-05:00,IdeState,Inactive,,*,-1,-1
2025-01-23T17:12:09.121-05:00,IdeState,Inactive,,*,-1,-1
2025-01-23T17:12:10.126-05:00,IdeState,Inactive,,*,-1,-1
2025-01-23T17:12:11.127-05:00,IdeState,Inactive,,*,-1,-1
2025-01-23T17:12:12.128-05:00,IdeState,Inactive,,*,-1,-1
2025-01-23T17:12:13.129-05:00,IdeState,Inactive,,*,-1,-1
2025-01-23T17:12:14.133-05:00,IdeState,Inactive,,*,-1,-1
2025-01-23T17:12:15.135-05:00,IdeState,Inactive,,*,-1,-1
2025-01-23T17:12:16.146-05:00,IdeState,Inactive,,*,-1,-1
2025-01-23T17:12:17.156-05:00,IdeState,Inactive,,*,-1,-1
2025-01-23T17:12:18.170-05:00,IdeState,Inactive,,*,-1,-1
2025-01-23T17:12:19.181-05:00,IdeState,Inactive,,*,-1,-1
2025-01-23T17:12:20.192-05:00,IdeState,Inactive,,*,-1,-1
2025-01-23T17:12:21.206-05:00,IdeState,Inactive,,*,-1,-1
2025-01-23T17:12:22.216-05:00,IdeState,Inactive,,*,-1,-1
2025-01-23T17:12:23.228-05:00,IdeState,Inactive,,*,-1,-1
2025-01-23T17:12:24.239-05:00,IdeState,Inactive,,*,-1,-1
2025-01-23T17:12:25.251-05:00,IdeState,Inactive,,*,-1,-1
2025-01-23T17:12:26.262-05:00,IdeState,Inactive,,*,-1,-1
2025-01-23T17:12:27.276-05:00,IdeState,Inactive,,*,-1,-1
2025-01-23T17:12:28.287-05:00,IdeState,Inactive,,*,-1,-1
2025-01-23T17:12:29.299-05:00,IdeState,Inactive,,*,-1,-1
2025-01-23T17:12:30.311-05:00,IdeState,Inactive,,*,-1,-1
2025-01-23T17:12:31.321-05:00,IdeState,Inactive,,*,-1,-1
2025-01-23T17:12:32.336-05:00,IdeState,Inactive,,*,-1,-1
2025-01-23T17:12:33.351-05:00,IdeState,Inactive,,*,-1,-1
2025-01-23T17:12:34.362-05:00,IdeState,Inactive,,*,-1,-1
2025-01-23T17:12:35.372-05:00,IdeState,Inactive,,*,-1,-1
2025-01-23T17:12:36.386-05:00,IdeState,Inactive,,*,-1,-1
2025-01-23T17:12:37.394-05:00,IdeState,Inactive,,*,-1,-1
2025-01-23T17:12:38.404-05:00,IdeState,Inactive,,*,-1,-1
2025-01-23T17:12:39.419-05:00,IdeState,Inactive,,*,-1,-1
2025-01-23T17:12:40.431-05:00,IdeState,Inactive,,*,-1,-1
2025-01-23T17:12:41.444-05:00,IdeState,Inactive,,*,-1,-1
2025-01-23T17:12:42.459-05:00,IdeState,Inactive,,*,-1,-1
2025-01-23T17:12:43.473-05:00,IdeState,Inactive,,*,-1,-1
2025-01-23T17:12:44.487-05:00,IdeState,Inactive,,*,-1,-1
2025-01-23T17:12:45.497-05:00,IdeState,Inactive,,*,-1,-1
2025-01-23T17:12:46.506-05:00,IdeState,Inactive,,*,-1,-1
2025-01-23T17:12:47.516-05:00,IdeState,Inactive,,*,-1,-1
2025-01-23T17:12:48.527-05:00,IdeState,Inactive,,*,-1,-1
2025-01-23T17:12:49.533-05:00,IdeState,Inactive,,*,-1,-1
2025-01-23T17:12:50.546-05:00,IdeState,Inactive,,*,-1,-1
2025-01-23T17:12:51.558-05:00,IdeState,Inactive,,*,-1,-1
2025-01-23T17:12:52.567-05:00,IdeState,Inactive,,*,-1,-1
2025-01-23T17:12:53.583-05:00,IdeState,Inactive,,*,-1,-1
2025-01-23T17:12:54.595-05:00,IdeState,Inactive,,*,-1,-1
2025-01-23T17:12:55.604-05:00,IdeState,Inactive,,*,-1,-1
2025-01-23T17:12:56.615-05:00,IdeState,Inactive,,*,-1,-1
2025-01-23T17:12:57.627-05:00,IdeState,Inactive,,*,-1,-1
2025-01-23T17:12:58.635-05:00,IdeState,Inactive,,*,-1,-1
2025-01-23T17:12:59.645-05:00,IdeState,Inactive,,*,-1,-1
2025-01-23T17:13:00.656-05:00,IdeState,Inactive,,*,-1,-1
2025-01-23T17:13:01.670-05:00,IdeState,Inactive,,*,-1,-1
2025-01-23T17:13:02.681-05:00,IdeState,Inactive,,*,-1,-1
2025-01-23T17:13:03.694-05:00,IdeState,Inactive,,*,-1,-1
2025-01-23T17:13:04.704-05:00,IdeState,Inactive,,*,-1,-1
2025-01-23T17:13:05.714-05:00,IdeState,Inactive,,*,-1,-1
2025-01-23T17:13:06.719-05:00,IdeState,Inactive,,*,-1,-1
2025-01-23T17:13:07.729-05:00,IdeState,Inactive,,*,-1,-1
2025-01-23T17:13:08.743-05:00,IdeState,Inactive,,*,-1,-1
2025-01-23T17:13:09.755-05:00,IdeState,Inactive,,*,-1,-1
2025-01-23T17:13:10.765-05:00,IdeState,Inactive,,*,-1,-1
2025-01-23T17:13:11.780-05:00,IdeState,Inactive,,*,-1,-1
2025-01-23T17:13:36.084-05:00,IdeState,Inactive,,*,-1,-1
2025-01-23T17:13:37.671-05:00,IdeState,NoProject,,*,-1,-1
2025-01-23T17:13:38.689-05:00,IdeState,Inactive,,*,-1,-1
2025-01-23T17:13:39.740-05:00,IdeState,Inactive,,*,-1,-1
2025-01-23T17:13:40.774-05:00,IdeState,Inactive,,*,-1,-1
2025-01-23T17:13:41.789-05:00,IdeState,NoProject,,*,-1,-1
2025-01-23T17:13:42.800-05:00,IdeState,NoProject,,*,-1,-1
2025-01-23T17:13:43.804-05:00,IdeState,NoProject,,*,-1,-1
2025-01-23T17:13:44.805-05:00,IdeState,NoProject,,*,-1,-1
2025-01-23T17:13:46.006-05:00,IdeState,NoProject,,*,-1,-1
2025-01-23T17:13:47.050-05:00,IdeState,NoProject,,*,-1,-1
2025-01-23T17:13:48.507-05:00,IdeState,Active,Project,*,-1,-1
2025-01-23T17:13:49.510-05:00,IdeState,Active,Project,*,-1,-1
2025-01-23T17:13:50.984-05:00,IdeState,Active,Project,*,-1,-1
2025-01-23T17:13:51.999-05:00,IdeState,Active,Project,*,-1,-1
2025-01-23T17:13:52.999-05:00,IdeState,Active,Project,*,-1,-1
2025-01-23T17:13:54.003-05:00,IdeState,Active,Project,*,-1,-1
2025-01-23T17:13:55.008-05:00,IdeState,Active,Project,*,-1,-1
2025-01-23T17:13:56.008-05:00,IdeState,Active,Project,*,-1,-1
2025-01-23T17:13:57.023-05:00,IdeState,Active,Project,*,-1,-1
2025-01-23T17:13:58.009-05:00,Action,SettingsEntryPoint,Project,*,-1,-1
2025-01-23T17:13:58.277-05:00,IdeState,Active,Project,*,-1,-1
2025-01-23T17:13:59.287-05:00,IdeState,Active,Project,*,-1,-1
2025-01-23T17:13:59.348-05:00,Action,WelcomeScreen.Plugins,,*,-1,-1
2025-01-23T17:14:00.813-05:00,IdeState,Active,Dialog,*,-1,-1
2025-01-23T17:14:01.834-05:00,IdeState,Active,Dialog,*,-1,-1
2025-01-23T17:14:02.836-05:00,IdeState,Active,Dialog,*,-1,-1
2025-01-23T17:14:03.844-05:00,IdeState,Inactive,,*,-1,-1
2025-01-23T17:14:04.846-05:00,IdeState,Active,Dialog,*,-1,-1
2025-01-23T17:14:05.848-05:00,IdeState,Active,Dialog,*,-1,-1
2025-01-23T17:15:02.569-05:00,IdeState,NoProject,,*,-1,-1
2025-01-23T17:15:04.101-05:00,IdeState,Active,Popup,*,-1,-1
2025-01-23T17:15:05.221-05:00,IdeState,Active,Project,*,-1,-1
2025-01-23T17:15:06.238-05:00,IdeState,Active,Project,*,-1,-1
2025-01-23T17:15:07.250-05:00,IdeState,Active,Project,*,-1,-1
2025-01-23T17:15:08.403-05:00,IdeState,Active,Project,*,-1,-1
2025-01-23T17:15:09.404-05:00,IdeState,Active,tasktracker,*,-1,-1
2025-01-23T17:15:10.509-05:00,IdeState,Active,tasktracker,*,-1,-1
2025-01-23T17:15:11.511-05:00,IdeState,Active,tasktracker,*,-1,-1
2025-01-23T17:15:12.628-05:00,IdeState,Active,Dialog,*,-1,-1
2025-01-23T17:15:13.628-05:00,IdeState,Active,Dialog,*,-1,-1
2025-01-23T17:15:14.629-05:00,IdeState,Active,Dialog,*,-1,-1
2025-01-23T17:15:15.630-05:00,IdeState,Active,Dialog,*,-1,-1
2025-01-23T17:15:16.631-05:00,IdeState,Active,Dialog,*,-1,-1
2025-01-23T17:15:17.632-05:00,IdeState,Active,Dialog,*,-1,-1
2025-01-23T17:15:18.633-05:00,IdeState,Active,Dialog,*,-1,-1
2025-01-23T17:15:19.634-05:00,IdeState,Active,Dialog,*,-1,-1
2025-01-23T17:15:20.635-05:00,IdeState,Active,Dialog,*,-1,-1
2025-01-23T17:15:21.636-05:00,IdeState,Active,Dialog,*,-1,-1
2025-01-23T17:15:22.639-05:00,IdeState,Active,Dialog,*,-1,-1
2025-01-23T17:15:23.642-05:00,IdeState,Active,Dialog,*,-1,-1
2025-01-23T17:15:24.643-05:00,IdeState,Active,Dialog,*,-1,-1
2025-01-23T17:15:25.645-05:00,IdeState,Active,Dialog,*,-1,-1
2025-01-23T17:15:26.646-05:00,IdeState,Active,Dialog,*,-1,-1
2025-01-23T17:15:27.648-05:00,IdeState,Active,Dialog,*,-1,-1
2025-01-23T17:15:28.648-05:00,IdeState,Active,Dialog,*,-1,-1
2025-01-23T17:15:29.649-05:00,IdeState,Active,Dialog,*,-1,-1
2025-01-23T17:15:30.650-05:00,IdeState,Active,Dialog,*,-1,-1
2025-01-23T17:15:31.653-05:00,IdeState,Active,Dialog,*,-1,-1
2025-01-23T17:15:32.655-05:00,IdeState,Active,Dialog,*,-1,-1
2025-01-23T17:15:33.664-05:00,IdeState,Active,Dialog,*,-1,-1
2025-01-23T17:15:34.664-05:00,IdeState,Active,Dialog,*,-1,-1
2025-01-23T17:15:35.665-05:00,IdeState,Active,Dialog,*,-1,-1
2025-01-23T17:15:36.676-05:00,IdeState,Active,Dialog,*,-1,-1
2025-01-23T17:15:37.678-05:00,IdeState,Inactive,,*,-1,-1
2025-01-23T17:15:38.694-05:00,IdeState,Inactive,,*,-1,-1
2025-01-23T17:15:39.696-05:00,IdeState,Inactive,,*,-1,-1
2025-01-23T17:15:40.706-05:00,IdeState,Active,tasktracker,*,-1,-1
2025-01-23T17:15:47.247-05:00,IdeState,NoProject,,*,-1,-1
2025-01-23T17:15:48.697-05:00,IdeState,Active,Popup,*,-1,-1
2025-01-23T17:15:49.945-05:00,IdeState,Active,Popup,*,-1,-1
2025-01-23T17:15:50.992-05:00,IdeState,Active,Project,*,-1,-1
2025-01-23T17:15:51.993-05:00,IdeState,Active,Project,*,-1,-1
2025-01-23T17:15:52.996-05:00,IdeState,Active,Project,*,-1,-1
2025-01-23T17:15:53.998-05:00,IdeState,Active,tasktracker,*,-1,-1
2025-01-23T17:15:54.999-05:00,IdeState,Active,tasktracker,*,-1,-1
2025-01-23T17:15:56.001-05:00,IdeState,Active,tasktracker,*,-1,-1
2025-01-23T17:15:57.415-05:00,IdeState,Active,Project,*,-1,-1
2025-01-23T17:15:58.419-05:00,IdeState,Active,Project,*,-1,-1
2025-01-23T17:15:59.421-05:00,IdeState,Active,Project,*,-1,-1
2025-01-23T17:16:00.422-05:00,IdeState,Active,Project,*,-1,-1
2025-01-23T17:16:01.424-05:00,IdeState,Active,Project,*,-1,-1
2025-01-23T17:16:02.425-05:00,IdeState,Active,Project,*,-1,-1
2025-01-23T17:16:03.426-05:00,IdeState,Active,Project,*,-1,-1
2025-01-23T17:16:04.429-05:00,IdeState,Active,tasktracker,*,-1,-1
2025-01-23T17:16:05.431-05:00,IdeState,Active,tasktracker,*,-1,-1
2025-01-23T17:16:06.432-05:00,IdeState,Active,tasktracker,*,-1,-1
2025-01-23T17:16:07.434-05:00,IdeState,Active,tasktracker,*,-1,-1
2025-01-23T17:16:08.438-05:00,IdeState,Active,tasktracker,*,-1,-1
2025-01-23T17:16:09.441-05:00,IdeState,Active,tasktracker,*,-1,-1
2025-01-23T17:16:10.442-05:00,IdeState,Active,tasktracker,*,-1,-1
2025-01-23T17:16:11.443-05:00,IdeState,Active,tasktracker,*,-1,-1
2025-01-23T17:16:12.445-05:00,IdeState,Active,tasktracker,*,-1,-1
2025-01-23T17:16:13.446-05:00,IdeState,Active,tasktracker,*,-1,-1
2025-01-23T17:16:14.449-05:00,IdeState,Inactive,,*,-1,-1
2025-01-23T17:16:15.450-05:00,IdeState,Inactive,,*,-1,-1
2025-01-23T17:16:16.453-05:00,IdeState,Inactive,,*,-1,-1
2025-01-23T17:16:17.455-05:00,IdeState,Inactive,,*,-1,-1
2025-01-23T17:16:18.456-05:00,IdeState,Inactive,,*,-1,-1
2025-01-23T17:16:19.459-05:00,IdeState,Inactive,,*,-1,-1
2025-01-23T17:16:20.460-05:00,IdeState,Inactive,,*,-1,-1
2025-01-23T17:16:21.462-05:00,IdeState,Inactive,,*,-1,-1
2025-01-23T17:16:22.463-05:00,IdeState,Inactive,,*,-1,-1
2025-01-23T17:16:23.465-05:00,IdeState,Inactive,,*,-1,-1
2025-01-23T17:16:24.466-05:00,IdeState,Inactive,,*,-1,-1
2025-01-23T17:16:25.467-05:00,IdeState,Inactive,,*,-1,-1
2025-01-23T18:12:47.722-05:00,IdeState,Inactive,,*,-1,-1
2025-01-23T18:12:48.776-05:00,IdeState,Inactive,,*,-1,-1
2025-01-23T18:12:49.790-05:00,IdeState,Inactive,,*,-1,-1
2025-01-23T18:12:50.801-05:00,IdeState,Inactive,,*,-1,-1
2025-01-23T18:12:51.807-05:00,IdeState,Inactive,,*,-1,-1
2025-01-23T18:12:52.807-05:00,IdeState,Inactive,,*,-1,-1
2025-01-23T18:12:53.809-05:00,IdeState,Inactive,,*,-1,-1
2025-01-23T18:12:55.052-05:00,IdeState,NoProject,,*,-1,-1
2025-01-23T18:12:56.456-05:00,IdeState,Active,Popup,*,-1,-1
2025-01-23T18:12:57.545-05:00,IdeState,Active,Popup,*,-1,-1
2025-01-23T18:12:58.551-05:00,IdeState,Active,Popup,*,-1,-1
2025-01-23T18:12:59.903-05:00,IdeState,Active,Popup,*,-1,-1
2025-01-23T18:13:00.957-05:00,IdeState,Active,Project,*,-1,-1
2025-01-23T18:13:01.959-05:00,IdeState,Active,Project,*,-1,-1
2025-01-23T18:13:02.960-05:00,IdeState,Active,Project,*,-1,-1
2025-01-23T18:13:03.961-05:00,IdeState,Active,Project,*,-1,-1
2025-01-23T18:13:04.963-05:00,IdeState,Active,Project,*,-1,-1
2025-01-23T18:13:06.218-05:00,IdeState,Active,Project,*,-1,-1
2025-01-23T18:13:06.254-05:00,Action,SettingsEntryPoint,Project,*,-1,-1
2025-01-23T18:13:07.223-05:00,Action,WelcomeScreen.Plugins,,*,-1,-1
2025-01-23T18:13:08.796-05:00,IdeState,Active,Dialog,*,-1,-1
2025-01-23T18:13:09.798-05:00,IdeState,Active,Dialog,*,-1,-1
2025-01-23T18:13:10.798-05:00,IdeState,Inactive,,*,-1,-1
2025-01-23T18:13:11.805-05:00,IdeState,Active,Dialog,*,-1,-1
2025-01-23T18:13:12.806-05:00,IdeState,Active,Dialog,*,-1,-1
2025-01-23T18:13:13.808-05:00,IdeState,Active,Dialog,*,-1,-1
2025-01-23T18:13:14.809-05:00,IdeState,Active,Dialog,*,-1,-1
2025-01-23T18:13:16.062-05:00,IdeState,Active,Dialog,*,-1,-1
2025-01-23T18:13:24.021-05:00,IdeState,Inactive,,*,-1,-1
2025-01-23T18:13:25.291-05:00,IdeState,Active,Popup,*,-1,-1
2025-01-23T18:13:27.584-05:00,IdeState,Active,Popup,*,-1,-1
2025-01-23T18:13:29.412-05:00,IdeState,Active,Project,*,-1,-1
2025-01-23T18:13:30.429-05:00,IdeState,Active,Project,*,-1,-1
2025-01-23T18:13:31.433-05:00,IdeState,Active,Project,*,-1,-1
2025-01-23T18:13:32.437-05:00,IdeState,Inactive,,*,-1,-1
2025-01-23T18:13:33.439-05:00,IdeState,Inactive,,*,-1,-1
2025-01-23T18:13:34.440-05:00,IdeState,Inactive,,*,-1,-1
2025-01-23T18:13:35.442-05:00,IdeState,Inactive,,*,-1,-1
2025-01-23T18:13:36.445-05:00,IdeState,Inactive,,*,-1,-1
2025-01-23T18:13:37.448-05:00,IdeState,Inactive,,*,-1,-1
2025-01-23T18:13:38.449-05:00,IdeState,Active,Popup,*,-1,-1
2025-01-23T18:13:39.450-05:00,IdeState,Active,Popup,*,-1,-1
2025-01-23T18:13:40.451-05:00,IdeState,Inactive,,*,-1,-1
2025-01-23T18:13:41.476-05:00,IdeState,Active,Project,*,-1,-1
2025-01-23T18:13:42.524-05:00,IdeState,Inactive,,*,-1,-1
2025-01-23T18:13:43.527-05:00,IdeState,Inactive,,*,-1,-1
2025-01-23T18:13:52.617-05:00,IdeState,NoProject,,*,-1,-1
2025-01-23T18:13:54.087-05:00,IdeState,Active,Popup,*,-1,-1
2025-01-23T18:13:55.243-05:00,IdeState,Active,Project,*,-1,-1
2025-01-23T18:13:56.244-05:00,IdeState,Active,Project,*,-1,-1
2025-01-23T18:13:57.308-05:00,IdeState,Active,Project,*,-1,-1
2025-01-23T18:13:58.310-05:00,IdeState,Active,Project,*,-1,-1
2025-01-23T18:13:59.311-05:00,IdeState,Active,Project,*,-1,-1
2025-01-23T18:14:00.147-05:00,Action,SettingsEntryPoint,Project,*,-1,-1
2025-01-23T18:14:00.598-05:00,IdeState,Active,Project,*,-1,-1
2025-01-23T18:14:01.599-05:00,IdeState,Active,Project,*,-1,-1
2025-01-23T18:14:02.600-05:00,IdeState,Inactive,,*,-1,-1
2025-01-23T18:14:03.602-05:00,IdeState,Inactive,,*,-1,-1
2025-01-23T18:14:04.604-05:00,IdeState,Inactive,,*,-1,-1
2025-01-23T18:14:05.607-05:00,IdeState,Inactive,,*,-1,-1
2025-01-23T18:14:06.610-05:00,IdeState,Inactive,,*,-1,-1
2025-01-23T18:14:07.612-05:00,IdeState,Inactive,,*,-1,-1
2025-01-23T18:14:08.613-05:00,IdeState,Inactive,,*,-1,-1
2025-01-23T18:14:09.634-05:00,IdeState,Inactive,,*,-1,-1
2025-01-23T18:14:10.636-05:00,IdeState,Inactive,,*,-1,-1
2025-01-23T18:14:11.637-05:00,IdeState,Inactive,,*,-1,-1
2025-01-23T18:14:12.640-05:00,IdeState,Inactive,,*,-1,-1
2025-01-23T18:14:13.642-05:00,IdeState,Inactive,,*,-1,-1
2025-01-23T18:14:14.643-05:00,IdeState,Inactive,,*,-1,-1
2025-01-23T18:14:15.646-05:00,IdeState,Inactive,,*,-1,-1
2025-01-23T18:14:16.649-05:00,IdeState,Inactive,,*,-1,-1
2025-01-23T18:14:17.651-05:00,IdeState,Inactive,,*,-1,-1
2025-01-23T18:14:18.652-05:00,IdeState,Inactive,,*,-1,-1
2025-01-23T18:14:19.654-05:00,IdeState,Inactive,,*,-1,-1
2025-01-23T18:14:20.656-05:00,IdeState,Inactive,,*,-1,-1
2025-01-23T18:14:21.657-05:00,IdeState,Inactive,,*,-1,-1
2025-01-23T18:14:22.658-05:00,IdeState,Inactive,,*,-1,-1
2025-01-23T18:14:23.660-05:00,IdeState,Inactive,,*,-1,-1
2025-01-23T18:14:24.665-05:00,IdeState,Inactive,,*,-1,-1
2025-01-23T18:14:25.666-05:00,IdeState,Inactive,,*,-1,-1
2025-01-23T18:14:26.669-05:00,IdeState,Inactive,,*,-1,-1
2025-01-23T18:14:27.673-05:00,IdeState,Active,Project,*,-1,-1
2025-01-23T18:14:28.659-05:00,Action,SettingsEntryPoint,Project,*,-1,-1
2025-01-23T18:14:28.742-05:00,IdeState,Active,Project,*,-1,-1
2025-01-23T18:14:29.452-05:00,Action,WelcomeScreen.Plugins,,*,-1,-1
2025-01-23T18:14:30.709-05:00,IdeState,Active,Dialog,*,-1,-1
2025-01-23T18:14:31.711-05:00,IdeState,Active,Dialog,*,-1,-1
2025-01-23T18:14:32.712-05:00,IdeState,Active,Dialog,*,-1,-1
2025-01-23T18:14:33.714-05:00,IdeState,Inactive,,*,-1,-1
2025-01-23T18:14:34.830-05:00,IdeState,Active,Dialog,*,-1,-1
2025-01-23T18:14:35.839-05:00,IdeState,Active,Dialog,*,-1,-1
2025-01-23T18:14:36.851-05:00,IdeState,Active,Dialog,*,-1,-1
2025-01-23T18:14:37.854-05:00,IdeState,Inactive,,*,-1,-1
2025-01-23T18:14:38.855-05:00,IdeState,Active,Dialog,*,-1,-1
2025-01-23T18:14:39.857-05:00,IdeState,Active,Dialog,*,-1,-1
2025-01-23T18:14:40.860-05:00,IdeState,Active,Dialog,*,-1,-1
2025-01-23T18:15:37.788-05:00,IdeState,NoProject,,*,-1,-1
2025-01-23T18:15:39.344-05:00,IdeState,Active,Popup,*,-1,-1
2025-01-23T18:15:40.463-05:00,IdeState,Active,Project,*,-1,-1
2025-01-23T18:15:41.512-05:00,IdeState,Active,Project,*,-1,-1
2025-01-23T18:15:42.580-05:00,IdeState,Active,Project,*,-1,-1
2025-01-23T18:15:43.582-05:00,IdeState,Active,Project,*,-1,-1
2025-01-23T18:15:44.583-05:00,IdeState,Active,Project,*,-1,-1
2025-01-23T18:15:45.585-05:00,IdeState,Active,Project,*,-1,-1
2025-01-23T18:15:46.586-05:00,IdeState,Active,Project,*,-1,-1
2025-01-23T18:15:47.922-05:00,IdeState,Active,Project,*,-1,-1
2025-01-23T18:15:48.923-05:00,IdeState,Active,Project,*,-1,-1
2025-01-23T18:15:49.924-05:00,IdeState,Active,Project,*,-1,-1
2025-01-23T18:15:50.926-05:00,IdeState,Active,Project,*,-1,-1
2025-01-23T18:15:51.929-05:00,IdeState,Active,Project,*,-1,-1
2025-01-23T18:15:52.932-05:00,IdeState,Active,tasktracker,*,-1,-1
2025-01-23T18:15:53.933-05:00,IdeState,Active,tasktracker,*,-1,-1
2025-01-23T18:15:54.936-05:00,IdeState,Active,tasktracker,*,-1,-1
2025-01-23T18:15:55.937-05:00,IdeState,Active,tasktracker,*,-1,-1
2025-01-23T18:15:56.940-05:00,IdeState,Active,tasktracker,*,-1,-1
2025-01-23T18:15:57.942-05:00,IdeState,Active,tasktracker,*,-1,-1
2025-01-23T18:15:58.945-05:00,IdeState,Active,Project,*,-1,-1
2025-01-23T18:15:59.947-05:00,IdeState,Active,Project,*,-1,-1
2025-01-23T18:16:01.185-05:00,IdeState,Active,Dialog,*,-1,-1
2025-01-23T18:16:02.185-05:00,IdeState,Active,Dialog,*,-1,-1
2025-01-23T18:16:03.190-05:00,IdeState,Active,Dialog,*,-1,-1
2025-01-23T18:16:04.192-05:00,IdeState,Active,Project,*,-1,-1
2025-01-23T18:16:05.106-05:00,Action,SettingsEntryPoint,Project,*,-1,-1
2025-01-23T18:16:05.380-05:00,IdeState,Active,Project,*,-1,-1
2025-01-23T18:16:06.175-05:00,Action,WelcomeScreen.Plugins,,*,-1,-1
2025-01-23T18:16:07.656-05:00,IdeState,Active,Dialog,*,-1,-1
2025-01-23T18:16:08.658-05:00,IdeState,Active,Dialog,*,-1,-1
2025-01-23T18:16:09.659-05:00,IdeState,Active,Dialog,*,-1,-1
2025-01-23T18:16:10.661-05:00,IdeState,Inactive,,*,-1,-1
2025-01-23T18:16:11.661-05:00,IdeState,Active,Dialog,*,-1,-1
2025-01-23T18:16:12.662-05:00,IdeState,Active,Dialog,*,-1,-1
2025-01-23T18:16:13.663-05:00,IdeState,Active,Dialog,*,-1,-1
2025-01-23T18:16:14.668-05:00,IdeState,Inactive,,*,-1,-1
2025-01-23T18:16:15.795-05:00,IdeState,Active,Dialog,*,-1,-1
2025-01-23T18:17:50.014-05:00,IdeState,Inactive,,*,-1,-1
2025-01-23T18:17:51.131-05:00,IdeState,Active,Popup,*,-1,-1
2025-01-23T18:17:53.093-05:00,IdeState,Active,Popup,*,-1,-1
2025-01-23T18:17:54.205-05:00,IdeState,Active,Project,*,-1,-1
2025-01-23T18:17:55.254-05:00,IdeState,Active,Project,*,-1,-1
2025-01-23T18:17:56.257-05:00,IdeState,Active,Project,*,-1,-1
2025-01-23T18:17:57.259-05:00,IdeState,Active,Project,*,-1,-1
2025-01-23T18:17:58.260-05:00,IdeState,Active,Project,*,-1,-1
2025-01-23T18:17:59.261-05:00,IdeState,Active,Project,*,-1,-1
2025-01-23T18:18:00.263-05:00,IdeState,Active,Project,*,-1,-1
2025-01-23T18:18:01.264-05:00,IdeState,Active,tasktracker,*,-1,-1
2025-01-23T18:18:02.265-05:00,IdeState,Active,tasktracker,*,-1,-1
2025-01-23T18:18:03.266-05:00,IdeState,Active,tasktracker,*,-1,-1
2025-01-23T18:18:04.267-05:00,IdeState,Active,tasktracker,*,-1,-1
2025-01-23T18:18:05.268-05:00,IdeState,Active,tasktracker,*,-1,-1
2025-01-23T18:18:06.269-05:00,IdeState,Active,tasktracker,*,-1,-1
2025-01-23T18:18:07.270-05:00,IdeState,Active,Project,*,-1,-1
2025-01-23T18:18:08.271-05:00,IdeState,Active,Project,*,-1,-1
2025-01-23T18:18:09.272-05:00,IdeState,Active,Project,*,-1,-1
2025-01-23T18:18:10.275-05:00,IdeState,Active,tasktracker,*,-1,-1
2025-01-23T18:18:11.276-05:00,IdeState,Active,tasktracker,*,-1,-1
2025-01-23T18:18:12.280-05:00,IdeState,Active,tasktracker,*,-1,-1
2025-01-23T18:18:13.284-05:00,IdeState,Active,tasktracker,*,-1,-1
2025-01-23T18:18:14.285-05:00,IdeState,Active,tasktracker,*,-1,-1
2025-01-23T18:18:15.287-05:00,IdeState,Active,tasktracker,*,-1,-1
2025-01-23T18:18:16.289-05:00,IdeState,Active,tasktracker,*,-1,-1
2025-01-23T18:18:17.290-05:00,IdeState,Active,tasktracker,*,-1,-1
2025-01-23T18:18:18.291-05:00,IdeState,Active,tasktracker,*,-1,-1
2025-01-23T18:18:19.294-05:00,IdeState,Inactive,,*,-1,-1
2025-01-23T18:18:20.311-05:00,IdeState,Inactive,,*,-1,-1
2025-01-23T18:18:21.312-05:00,IdeState,Inactive,,*,-1,-1
2025-01-23T18:18:22.313-05:00,IdeState,Inactive,,*,-1,-1
2025-01-23T18:18:23.316-05:00,IdeState,Inactive,,*,-1,-1
2025-01-23T18:18:24.316-05:00,IdeState,Inactive,,*,-1,-1
2025-01-23T18:18:25.317-05:00,IdeState,Inactive,,*,-1,-1
2025-01-23T18:18:26.320-05:00,IdeState,Inactive,,*,-1,-1
2025-01-23T18:18:27.325-05:00,IdeState,Inactive,,*,-1,-1
2025-01-23T18:18:28.326-05:00,IdeState,Inactive,,*,-1,-1
2025-01-23T18:18:29.328-05:00,IdeState,Inactive,,*,-1,-1
2025-01-23T18:18:30.329-05:00,IdeState,Inactive,,*,-1,-1
2025-01-23T18:18:31.330-05:00,IdeState,Inactive,,*,-1,-1
2025-01-23T18:18:32.332-05:00,IdeState,Inactive,,*,-1,-1
2025-01-23T18:18:33.333-05:00,IdeState,Inactive,,*,-1,-1
2025-01-23T18:18:34.336-05:00,IdeState,Inactive,,*,-1,-1
2025-01-23T18:18:35.337-05:00,IdeState,Inactive,,*,-1,-1
2025-01-23T18:18:36.339-05:00,IdeState,Inactive,,*,-1,-1
2025-01-23T18:18:37.341-05:00,IdeState,Inactive,,*,-1,-1
2025-01-23T18:18:38.342-05:00,IdeState,Inactive,,*,-1,-1
2025-01-23T18:18:39.343-05:00,IdeState,Inactive,,*,-1,-1
2025-01-23T18:18:40.344-05:00,IdeState,Inactive,,*,-1,-1
2025-01-23T18:18:41.345-05:00,IdeState,Inactive,,*,-1,-1
2025-01-23T18:18:42.349-05:00,IdeState,Inactive,,*,-1,-1
2025-01-23T18:18:43.351-05:00,IdeState,Inactive,,*,-1,-1
2025-01-23T18:18:44.352-05:00,IdeState,Inactive,,*,-1,-1
2025-01-23T18:18:45.355-05:00,IdeState,Inactive,,*,-1,-1
2025-01-23T18:18:46.356-05:00,IdeState,Inactive,,*,-1,-1
2025-01-23T18:18:47.357-05:00,IdeState,Inactive,,*,-1,-1
2025-01-23T18:18:48.358-05:00,IdeState,Inactive,,*,-1,-1
2025-01-23T18:18:49.360-05:00,IdeState,Inactive,,*,-1,-1
2025-01-23T18:18:50.362-05:00,IdeState,Inactive,,*,-1,-1
2025-01-23T18:18:51.364-05:00,IdeState,Inactive,,*,-1,-1
2025-01-23T18:18:52.365-05:00,IdeState,Inactive,,*,-1,-1
2025-01-23T18:18:53.368-05:00,IdeState,Inactive,,*,-1,-1
2025-01-23T18:18:54.369-05:00,IdeState,Inactive,,*,-1,-1
2025-01-23T18:18:55.370-05:00,IdeState,Inactive,,*,-1,-1
2025-01-23T18:18:56.372-05:00,IdeState,Inactive,,*,-1,-1
2025-01-23T18:18:57.374-05:00,IdeState,Inactive,,*,-1,-1
2025-01-23T18:18:58.376-05:00,IdeState,Inactive,,*,-1,-1
2025-01-23T18:18:59.378-05:00,IdeState,Inactive,,*,-1,-1
2025-01-23T18:19:00.379-05:00,IdeState,Inactive,,*,-1,-1
2025-01-23T18:19:01.394-05:00,IdeState,Inactive,,*,-1,-1
2025-01-23T18:19:02.408-05:00,IdeState,Inactive,,*,-1,-1
2025-01-23T18:19:03.409-05:00,IdeState,Inactive,,*,-1,-1
2025-01-23T18:19:04.424-05:00,IdeState,Inactive,,*,-1,-1
2025-01-23T18:19:05.432-05:00,IdeState,Inactive,,*,-1,-1
2025-01-23T18:19:06.433-05:00,IdeState,Inactive,,*,-1,-1
2025-01-23T18:19:07.434-05:00,IdeState,Inactive,,*,-1,-1
2025-01-23T18:19:08.437-05:00,IdeState,Inactive,,*,-1,-1
2025-01-23T18:19:09.464-05:00,IdeState,Inactive,,*,-1,-1
2025-01-23T18:19:10.466-05:00,IdeState,Inactive,,*,-1,-1
2025-01-23T18:19:11.468-05:00,IdeState,Inactive,,*,-1,-1
2025-01-23T18:19:12.471-05:00,IdeState,Inactive,,*,-1,-1
2025-01-23T18:19:13.472-05:00,IdeState,Inactive,,*,-1,-1
2025-01-23T18:19:14.474-05:00,IdeState,Inactive,,*,-1,-1
2025-01-23T18:19:15.478-05:00,IdeState,Inactive,,*,-1,-1
2025-01-23T18:19:16.479-05:00,IdeState,Inactive,,*,-1,-1
2025-01-23T18:19:17.480-05:00,IdeState,Inactive,,*,-1,-1
2025-01-23T18:19:18.481-05:00,IdeState,Inactive,,*,-1,-1
2025-01-23T18:19:19.481-05:00,IdeState,Inactive,,*,-1,-1
2025-01-23T18:19:20.482-05:00,IdeState,Inactive,,*,-1,-1
2025-01-23T18:19:21.484-05:00,IdeState,Inactive,,*,-1,-1
2025-01-23T18:19:22.485-05:00,IdeState,Inactive,,*,-1,-1
2025-01-23T18:19:23.486-05:00,IdeState,Inactive,,*,-1,-1
2025-01-23T18:19:24.488-05:00,IdeState,Inactive,,*,-1,-1
2025-01-23T18:19:25.490-05:00,IdeState,Inactive,,*,-1,-1
2025-01-23T18:19:26.492-05:00,IdeState,Inactive,,*,-1,-1
2025-01-23T18:19:27.494-05:00,IdeState,Inactive,,*,-1,-1
2025-01-23T18:19:28.496-05:00,IdeState,Inactive,,*,-1,-1
2025-01-23T18:19:29.498-05:00,IdeState,Inactive,,*,-1,-1
2025-01-23T18:19:30.499-05:00,IdeState,Inactive,,*,-1,-1
2025-01-23T18:19:31.501-05:00,IdeState,Inactive,,*,-1,-1
2025-01-23T18:19:32.501-05:00,IdeState,Inactive,,*,-1,-1
2025-01-23T18:19:33.502-05:00,IdeState,Inactive,,*,-1,-1
2025-01-23T18:19:34.505-05:00,IdeState,Inactive,,*,-1,-1
2025-01-23T18:19:35.506-05:00,IdeState,Inactive,,*,-1,-1
2025-01-23T18:19:36.509-05:00,IdeState,Inactive,,*,-1,-1
2025-01-23T18:19:37.511-05:00,IdeState,Inactive,,*,-1,-1
2025-01-23T18:19:38.512-05:00,IdeState,Inactive,,*,-1,-1
2025-01-23T18:19:39.513-05:00,IdeState,Inactive,,*,-1,-1
2025-01-23T18:19:40.515-05:00,IdeState,Inactive,,*,-1,-1
2025-01-23T18:19:41.515-05:00,IdeState,Inactive,,*,-1,-1
2025-01-23T18:19:42.550-05:00,IdeState,Inactive,,*,-1,-1
2025-01-23T18:19:43.553-05:00,IdeState,Inactive,,*,-1,-1
2025-01-23T18:19:44.554-05:00,IdeState,Inactive,,*,-1,-1
2025-01-23T18:19:45.555-05:00,IdeState,Inactive,,*,-1,-1
2025-01-23T18:19:46.557-05:00,IdeState,Inactive,,*,-1,-1
2025-01-23T18:19:47.566-05:00,IdeState,Inactive,,*,-1,-1
2025-01-23T18:19:48.566-05:00,IdeState,Inactive,,*,-1,-1
2025-01-23T18:19:49.569-05:00,IdeState,Inactive,,*,-1,-1
2025-01-23T18:19:50.570-05:00,IdeState,Inactive,,*,-1,-1
2025-01-23T18:19:51.572-05:00,IdeState,Inactive,,*,-1,-1
2025-01-23T18:19:52.575-05:00,IdeState,Inactive,,*,-1,-1
2025-01-23T18:19:53.576-05:00,IdeState,Inactive,,*,-1,-1
2025-01-23T18:19:54.578-05:00,IdeState,Inactive,,*,-1,-1
2025-01-23T18:19:55.581-05:00,IdeState,Inactive,,*,-1,-1
2025-01-23T18:19:56.582-05:00,IdeState,Inactive,,*,-1,-1
2025-01-23T18:19:57.583-05:00,IdeState,Inactive,,*,-1,-1
2025-01-23T18:19:58.585-05:00,IdeState,Inactive,,*,-1,-1
2025-01-23T18:19:59.586-05:00,IdeState,Inactive,,*,-1,-1
2025-01-23T18:20:00.588-05:00,IdeState,Inactive,,*,-1,-1
2025-01-23T18:20:01.589-05:00,IdeState,Inactive,,*,-1,-1
2025-01-23T18:20:02.591-05:00,IdeState,Inactive,,*,-1,-1
2025-01-23T18:20:03.595-05:00,IdeState,Inactive,,*,-1,-1
2025-01-23T18:20:04.595-05:00,IdeState,Inactive,,*,-1,-1
2025-01-23T18:20:05.597-05:00,IdeState,Inactive,,*,-1,-1
2025-01-23T18:20:06.600-05:00,IdeState,Inactive,,*,-1,-1
2025-01-23T18:20:07.601-05:00,IdeState,Inactive,,*,-1,-1
2025-01-23T18:20:08.602-05:00,IdeState,Inactive,,*,-1,-1
2025-01-23T18:20:09.605-05:00,IdeState,Inactive,,*,-1,-1
2025-01-23T18:20:10.611-05:00,IdeState,Inactive,,*,-1,-1
2025-01-23T18:20:11.612-05:00,IdeState,Inactive,,*,-1,-1
2025-01-23T18:20:12.614-05:00,IdeState,Inactive,,*,-1,-1
2025-01-23T18:20:13.616-05:00,IdeState,Inactive,,*,-1,-1
2025-01-23T18:20:14.617-05:00,IdeState,Inactive,,*,-1,-1
2025-01-23T18:20:15.618-05:00,IdeState,Inactive,,*,-1,-1
2025-01-23T18:20:16.620-05:00,IdeState,Inactive,,*,-1,-1
2025-01-23T18:20:17.620-05:00,IdeState,Inactive,,*,-1,-1
2025-01-23T18:20:18.622-05:00,IdeState,Inactive,,*,-1,-1
2025-01-23T18:20:19.623-05:00,IdeState,Inactive,,*,-1,-1
2025-01-23T18:20:20.625-05:00,IdeState,Inactive,,*,-1,-1
2025-01-23T18:20:21.626-05:00,IdeState,Inactive,,*,-1,-1
2025-01-23T18:20:22.628-05:00,IdeState,Inactive,,*,-1,-1
2025-01-23T18:20:23.630-05:00,IdeState,Inactive,,*,-1,-1
2025-01-23T18:20:24.631-05:00,IdeState,Inactive,,*,-1,-1
2025-01-23T18:20:25.634-05:00,IdeState,Inactive,,*,-1,-1
2025-01-23T18:20:26.634-05:00,IdeState,Inactive,,*,-1,-1
2025-01-23T18:20:27.635-05:00,IdeState,Inactive,,*,-1,-1
2025-01-23T18:20:28.636-05:00,IdeState,Inactive,,*,-1,-1
2025-01-23T18:20:29.637-05:00,IdeState,Inactive,,*,-1,-1
2025-01-23T18:20:30.639-05:00,IdeState,Inactive,,*,-1,-1
2025-01-23T18:20:31.640-05:00,IdeState,Inactive,,*,-1,-1
2025-01-23T18:20:32.641-05:00,IdeState,Inactive,,*,-1,-1
2025-01-23T18:20:33.642-05:00,IdeState,Inactive,,*,-1,-1
2025-01-23T18:20:34.643-05:00,IdeState,Inactive,,*,-1,-1
2025-01-23T18:20:35.644-05:00,IdeState,Inactive,,*,-1,-1
2025-01-23T18:20:36.653-05:00,IdeState,Inactive,,*,-1,-1
2025-01-23T18:20:37.653-05:00,IdeState,Inactive,,*,-1,-1
2025-01-23T18:20:38.656-05:00,IdeState,Inactive,,*,-1,-1
2025-01-23T18:20:39.658-05:00,IdeState,Inactive,,*,-1,-1
2025-01-23T18:20:40.660-05:00,IdeState,Inactive,,*,-1,-1
2025-01-23T18:20:41.663-05:00,IdeState,Inactive,,*,-1,-1
2025-01-23T18:20:42.664-05:00,IdeState,Inactive,,*,-1,-1
2025-01-23T18:20:43.666-05:00,IdeState,Inactive,,*,-1,-1
2025-01-23T18:20:44.669-05:00,IdeState,Inactive,,*,-1,-1
2025-01-23T18:20:45.670-05:00,IdeState,Inactive,,*,-1,-1
2025-01-23T18:20:46.672-05:00,IdeState,Inactive,,*,-1,-1
2025-01-23T18:20:47.673-05:00,IdeState,Inactive,,*,-1,-1
2025-01-23T18:20:48.674-05:00,IdeState,Inactive,,*,-1,-1
2025-01-23T18:20:49.676-05:00,IdeState,Inactive,,*,-1,-1
2025-01-23T18:20:50.679-05:00,IdeState,Inactive,,*,-1,-1
2025-01-23T18:20:51.682-05:00,IdeState,Inactive,,*,-1,-1
2025-01-23T18:20:52.715-05:00,IdeState,Inactive,,*,-1,-1
2025-01-23T18:20:53.718-05:00,IdeState,Inactive,,*,-1,-1
2025-01-23T18:20:54.719-05:00,IdeState,Inactive,,*,-1,-1
2025-01-23T18:20:55.760-05:00,IdeState,Inactive,,*,-1,-1
2025-01-23T18:20:56.761-05:00,IdeState,Inactive,,*,-1,-1
2025-01-23T18:20:57.764-05:00,IdeState,Inactive,,*,-1,-1
2025-01-23T18:20:58.766-05:00,IdeState,Inactive,,*,-1,-1
2025-01-23T18:20:59.769-05:00,IdeState,Inactive,,*,-1,-1
2025-01-23T18:21:00.771-05:00,IdeState,Inactive,,*,-1,-1
2025-01-23T18:21:01.773-05:00,IdeState,Inactive,,*,-1,-1
2025-01-23T18:21:02.775-05:00,IdeState,Inactive,,*,-1,-1
2025-01-23T18:21:03.777-05:00,IdeState,Inactive,,*,-1,-1
2025-01-23T18:21:04.779-05:00,IdeState,Inactive,,*,-1,-1
2025-01-23T18:21:05.780-05:00,IdeState,Inactive,,*,-1,-1
2025-01-23T18:21:06.781-05:00,IdeState,Inactive,,*,-1,-1
2025-01-23T18:21:07.784-05:00,IdeState,Inactive,,*,-1,-1
2025-01-23T18:21:08.785-05:00,IdeState,Inactive,,*,-1,-1
2025-01-23T18:21:09.786-05:00,IdeState,Inactive,,*,-1,-1
2025-01-23T18:21:10.797-05:00,IdeState,Inactive,,*,-1,-1
2025-01-23T18:21:11.799-05:00,IdeState,Inactive,,*,-1,-1
2025-01-23T18:21:12.800-05:00,IdeState,Inactive,,*,-1,-1
2025-01-23T18:21:13.803-05:00,IdeState,Inactive,,*,-1,-1
2025-01-23T18:21:14.804-05:00,IdeState,Inactive,,*,-1,-1
2025-01-23T18:21:15.807-05:00,IdeState,Inactive,,*,-1,-1
2025-01-23T18:21:16.820-05:00,IdeState,Inactive,,*,-1,-1
2025-01-23T18:21:17.822-05:00,IdeState,Inactive,,*,-1,-1
2025-01-23T18:21:18.824-05:00,IdeState,Inactive,,*,-1,-1
2025-01-23T18:21:19.827-05:00,IdeState,Inactive,,*,-1,-1
2025-01-23T18:21:20.828-05:00,IdeState,Inactive,,*,-1,-1
2025-01-23T18:21:21.829-05:00,IdeState,Inactive,,*,-1,-1
2025-01-23T18:21:22.831-05:00,IdeState,Inactive,,*,-1,-1
2025-01-23T18:21:23.832-05:00,IdeState,Inactive,,*,-1,-1
2025-01-23T18:21:24.834-05:00,IdeState,Inactive,,*,-1,-1
2025-01-23T18:21:25.834-05:00,IdeState,Inactive,,*,-1,-1
2025-01-23T18:21:26.837-05:00,IdeState,Inactive,,*,-1,-1
2025-01-23T18:21:27.842-05:00,IdeState,Inactive,,*,-1,-1
2025-01-23T18:21:28.843-05:00,IdeState,Inactive,,*,-1,-1
2025-01-23T18:21:29.844-05:00,IdeState,Inactive,,*,-1,-1
2025-01-23T18:21:30.845-05:00,IdeState,Inactive,,*,-1,-1
2025-01-23T18:21:31.848-05:00,IdeState,Inactive,,*,-1,-1
2025-01-23T18:21:32.850-05:00,IdeState,Inactive,,*,-1,-1
2025-01-23T18:21:33.851-05:00,IdeState,Inactive,,*,-1,-1
2025-01-23T18:21:34.868-05:00,IdeState,Inactive,,*,-1,-1
2025-01-23T18:21:35.870-05:00,IdeState,Inactive,,*,-1,-1
2025-01-23T18:21:36.872-05:00,IdeState,Inactive,,*,-1,-1
2025-01-23T18:21:37.874-05:00,IdeState,Inactive,,*,-1,-1
2025-01-23T18:21:38.874-05:00,IdeState,Inactive,,*,-1,-1
2025-01-23T18:21:39.876-05:00,IdeState,Inactive,,*,-1,-1
2025-01-23T18:21:40.876-05:00,IdeState,Inactive,,*,-1,-1
2025-01-23T18:21:41.877-05:00,IdeState,Inactive,,*,-1,-1
2025-01-23T18:21:42.879-05:00,IdeState,Inactive,,*,-1,-1
2025-01-23T18:21:43.880-05:00,IdeState,Inactive,,*,-1,-1
2025-01-23T18:21:44.882-05:00,IdeState,Inactive,,*,-1,-1
2025-01-23T18:21:45.883-05:00,IdeState,Inactive,,*,-1,-1
2025-01-23T18:21:46.886-05:00,IdeState,Inactive,,*,-1,-1
2025-01-23T18:21:47.889-05:00,IdeState,Inactive,,*,-1,-1
2025-01-23T18:21:48.890-05:00,IdeState,Inactive,,*,-1,-1
2025-01-23T18:21:49.893-05:00,IdeState,Inactive,,*,-1,-1
2025-01-23T18:21:50.894-05:00,IdeState,Inactive,,*,-1,-1
2025-01-23T18:21:51.896-05:00,IdeState,Inactive,,*,-1,-1
2025-01-23T18:21:52.897-05:00,IdeState,Inactive,,*,-1,-1
2025-01-23T18:21:53.900-05:00,IdeState,Inactive,,*,-1,-1
2025-01-23T18:21:54.902-05:00,IdeState,Inactive,,*,-1,-1
2025-01-23T18:21:55.905-05:00,IdeState,Inactive,,*,-1,-1
2025-01-23T18:21:56.906-05:00,IdeState,Inactive,,*,-1,-1
2025-01-23T18:21:57.910-05:00,IdeState,Inactive,,*,-1,-1
2025-01-23T18:21:58.910-05:00,IdeState,Inactive,,*,-1,-1
2025-01-23T18:21:59.912-05:00,IdeState,Inactive,,*,-1,-1
2025-01-23T18:22:00.913-05:00,IdeState,Inactive,,*,-1,-1
2025-01-23T18:22:01.915-05:00,IdeState,Inactive,,*,-1,-1
2025-01-23T18:22:02.916-05:00,IdeState,Inactive,,*,-1,-1
2025-01-23T18:22:03.919-05:00,IdeState,Inactive,,*,-1,-1
2025-01-23T18:22:04.919-05:00,IdeState,Inactive,,*,-1,-1
2025-01-23T18:22:05.922-05:00,IdeState,Inactive,,*,-1,-1
2025-01-23T18:22:06.924-05:00,IdeState,Inactive,,*,-1,-1
2025-01-23T18:22:07.925-05:00,IdeState,Inactive,,*,-1,-1
2025-01-23T18:22:08.926-05:00,IdeState,Inactive,,*,-1,-1
2025-01-23T18:22:09.929-05:00,IdeState,Inactive,,*,-1,-1
2025-01-23T18:22:10.931-05:00,IdeState,Inactive,,*,-1,-1
2025-01-23T18:22:11.932-05:00,IdeState,Inactive,,*,-1,-1
2025-01-23T18:22:12.934-05:00,IdeState,Inactive,,*,-1,-1
2025-01-23T18:22:13.935-05:00,IdeState,Inactive,,*,-1,-1
2025-01-23T18:22:14.936-05:00,IdeState,Inactive,,*,-1,-1
2025-01-23T18:22:15.938-05:00,IdeState,Inactive,,*,-1,-1
2025-01-23T18:22:16.940-05:00,IdeState,Inactive,,*,-1,-1
2025-01-23T18:22:17.942-05:00,IdeState,Inactive,,*,-1,-1
2025-01-23T18:22:18.950-05:00,IdeState,Inactive,,*,-1,-1
2025-01-23T18:22:19.957-05:00,IdeState,Inactive,,*,-1,-1
2025-01-23T18:22:20.959-05:00,IdeState,Inactive,,*,-1,-1
2025-01-23T18:22:21.960-05:00,IdeState,Inactive,,*,-1,-1
2025-01-23T18:22:22.961-05:00,IdeState,Inactive,,*,-1,-1
2025-01-23T18:22:23.963-05:00,IdeState,Inactive,,*,-1,-1
2025-01-23T18:22:24.967-05:00,IdeState,Inactive,,*,-1,-1
2025-01-23T18:22:25.967-05:00,IdeState,Inactive,,*,-1,-1
2025-01-23T18:22:26.978-05:00,IdeState,Inactive,,*,-1,-1
2025-01-23T18:22:27.979-05:00,IdeState,Inactive,,*,-1,-1
2025-01-23T18:22:28.982-05:00,IdeState,Inactive,,*,-1,-1
2025-01-23T18:22:29.985-05:00,IdeState,Inactive,,*,-1,-1
2025-01-23T18:22:30.986-05:00,IdeState,Inactive,,*,-1,-1
2025-01-23T18:22:31.988-05:00,IdeState,Inactive,,*,-1,-1
2025-01-23T18:22:32.989-05:00,IdeState,Inactive,,*,-1,-1
2025-01-23T18:22:33.990-05:00,IdeState,Inactive,,*,-1,-1
2025-01-23T18:22:34.992-05:00,IdeState,Inactive,,*,-1,-1
2025-01-23T18:22:35.993-05:00,IdeState,Inactive,,*,-1,-1
2025-01-23T18:22:36.994-05:00,IdeState,Inactive,,*,-1,-1
2025-01-23T18:22:37.995-05:00,IdeState,Inactive,,*,-1,-1
2025-01-23T18:22:38.996-05:00,IdeState,Inactive,,*,-1,-1
2025-01-23T18:22:39.998-05:00,IdeState,Inactive,,*,-1,-1
2025-01-23T18:22:40.999-05:00,IdeState,Inactive,,*,-1,-1
2025-01-23T18:22:42.001-05:00,IdeState,Inactive,,*,-1,-1
2025-01-23T18:22:43.002-05:00,IdeState,Inactive,,*,-1,-1
2025-01-23T18:22:44.003-05:00,IdeState,Inactive,,*,-1,-1
2025-01-23T18:22:45.005-05:00,IdeState,Inactive,,*,-1,-1
2025-01-23T18:22:46.008-05:00,IdeState,Inactive,,*,-1,-1
2025-01-23T18:22:47.009-05:00,IdeState,Inactive,,*,-1,-1
2025-01-23T18:22:48.011-05:00,IdeState,Inactive,,*,-1,-1
2025-01-23T18:22:49.011-05:00,IdeState,Inactive,,*,-1,-1
2025-01-23T18:22:50.013-05:00,IdeState,Active,tasktracker,*,-1,-1
2025-01-23T18:22:51.014-05:00,IdeState,Active,tasktracker,*,-1,-1
2025-01-23T18:22:52.016-05:00,IdeState,Active,tasktracker,*,-1,-1
2025-01-23T18:22:52.754-05:00,Action,SettingsEntryPoint,tasktracker,*,-1,-1
2025-01-23T18:22:53.017-05:00,IdeState,Active,tasktracker,*,-1,-1
2025-01-23T18:22:54.019-05:00,IdeState,Active,tasktracker,*,-1,-1
2025-01-23T18:22:54.670-05:00,Action,WelcomeScreen.Plugins,,*,-1,-1
2025-01-23T18:22:56.300-05:00,IdeState,Active,Dialog,*,-1,-1
2025-01-23T18:22:57.304-05:00,IdeState,Active,Dialog,*,-1,-1
2025-01-23T18:22:58.304-05:00,IdeState,Active,Dialog,*,-1,-1
2025-01-23T18:22:59.305-05:00,IdeState,Inactive,,*,-1,-1
2025-01-23T18:23:00.306-05:00,IdeState,Active,Dialog,*,-1,-1
2025-01-23T18:23:01.307-05:00,IdeState,Active,Dialog,*,-1,-1
2025-01-23T18:23:02.309-05:00,IdeState,Active,Dialog,*,-1,-1
2025-01-23T18:23:03.311-05:00,IdeState,Inactive,,*,-1,-1
2025-01-23T18:23:04.312-05:00,IdeState,Active,Dialog,*,-1,-1
2025-01-23T18:23:05.313-05:00,IdeState,Active,Dialog,*,-1,-1
2025-01-23T18:23:06.314-05:00,IdeState,Inactive,,*,-1,-1
2025-01-23T18:23:07.314-05:00,IdeState,Active,Dialog,*,-1,-1
2025-01-23T18:23:08.400-05:00,IdeState,Active,tasktracker,*,-1,-1
2025-01-23T18:23:09.402-05:00,IdeState,Active,tasktracker,*,-1,-1
2025-01-23T18:31:48.018-05:00,IdeState,Inactive,,*,-1,-1
2025-01-23T18:31:49.139-05:00,IdeState,Active,Popup,*,-1,-1
2025-01-23T18:31:51.103-05:00,IdeState,Active,Popup,*,-1,-1
2025-01-23T18:31:52.183-05:00,IdeState,Active,Project,*,-1,-1
2025-01-23T18:31:53.183-05:00,IdeState,Active,Project,*,-1,-1
2025-01-23T18:31:54.185-05:00,IdeState,Active,Project,*,-1,-1
2025-01-23T18:31:55.187-05:00,IdeState,Active,Project,*,-1,-1
2025-01-23T18:31:56.189-05:00,IdeState,Active,Project,*,-1,-1
2025-01-23T18:31:57.191-05:00,IdeState,Active,Project,*,-1,-1
2025-01-23T18:31:58.192-05:00,IdeState,Active,Project,*,-1,-1
2025-01-23T18:31:59.194-05:00,IdeState,Active,Project,*,-1,-1
2025-01-23T18:32:00.195-05:00,IdeState,Active,Project,*,-1,-1
2025-01-23T18:32:01.196-05:00,IdeState,Active,Project,*,-1,-1
2025-01-23T18:32:02.199-05:00,IdeState,Active,Project,*,-1,-1
2025-01-23T18:32:03.201-05:00,IdeState,Active,Project,*,-1,-1
2025-01-23T18:32:04.203-05:00,IdeState,Active,Project,*,-1,-1
2025-01-23T18:32:05.204-05:00,IdeState,Active,Project,*,-1,-1
2025-01-23T18:32:06.207-05:00,IdeState,Active,Project,*,-1,-1
2025-01-23T18:32:07.228-05:00,IdeState,Active,tasktracker,*,-1,-1
2025-01-23T18:32:08.229-05:00,IdeState,Active,tasktracker,*,-1,-1
2025-01-23T18:32:09.231-05:00,IdeState,Active,tasktracker,*,-1,-1
2025-01-23T18:32:10.234-05:00,IdeState,Active,tasktracker,*,-1,-1
2025-01-23T18:32:11.236-05:00,IdeState,Active,tasktracker,*,-1,-1
2025-01-23T18:32:12.238-05:00,IdeState,Active,tasktracker,*,-1,-1
2025-01-23T18:32:13.240-05:00,IdeState,Active,tasktracker,*,-1,-1
2025-01-23T18:32:14.242-05:00,IdeState,Active,tasktracker,*,-1,-1
2025-01-23T18:32:15.258-05:00,IdeState,Active,tasktracker,*,-1,-1
2025-01-23T18:32:16.259-05:00,IdeState,Active,tasktracker,*,-1,-1
2025-01-23T18:32:17.260-05:00,IdeState,Active,tasktracker,*,-1,-1
2025-01-23T18:32:18.262-05:00,IdeState,Active,tasktracker,*,-1,-1
2025-01-23T18:32:19.263-05:00,IdeState,Active,tasktracker,*,-1,-1
2025-01-23T18:32:20.264-05:00,IdeState,Active,tasktracker,*,-1,-1
2025-01-23T18:32:21.266-05:00,IdeState,Active,tasktracker,*,-1,-1
2025-01-23T18:32:22.268-05:00,IdeState,Active,tasktracker,*,-1,-1
2025-01-23T18:32:23.269-05:00,IdeState,Active,tasktracker,*,-1,-1
2025-01-23T18:32:24.270-05:00,IdeState,Active,tasktracker,*,-1,-1
2025-01-23T18:32:25.272-05:00,IdeState,Active,tasktracker,*,-1,-1
2025-01-23T18:32:26.273-05:00,IdeState,Active,tasktracker,*,-1,-1
2025-01-23T18:32:27.275-05:00,IdeState,Active,tasktracker,*,-1,-1
2025-01-23T18:32:28.276-05:00,IdeState,Active,tasktracker,*,-1,-1
2025-01-23T18:32:29.285-05:00,IdeState,Active,tasktracker,*,-1,-1
2025-01-23T18:32:30.287-05:00,IdeState,Active,tasktracker,*,-1,-1
2025-01-23T18:32:31.290-05:00,IdeState,Active,tasktracker,*,-1,-1
2025-01-23T18:32:32.291-05:00,IdeState,Active,tasktracker,*,-1,-1
2025-01-23T18:32:33.475-05:00,IdeState,Active,Project,*,-1,-1
2025-01-23T18:32:34.477-05:00,IdeState,Active,Project,*,-1,-1
2025-01-23T18:32:35.478-05:00,IdeState,Active,Project,*,-1,-1
2025-01-23T18:32:36.480-05:00,IdeState,Active,Project,*,-1,-1
2025-01-23T18:32:37.482-05:00,IdeState,Active,Project,*,-1,-1
2025-01-23T18:32:38.484-05:00,IdeState,Active,tasktracker,*,-1,-1
2025-01-23T18:32:39.486-05:00,IdeState,Active,tasktracker,*,-1,-1
2025-01-23T18:32:40.487-05:00,IdeState,Active,tasktracker,*,-1,-1
2025-01-23T18:32:41.488-05:00,IdeState,Active,tasktracker,*,-1,-1
2025-01-23T18:32:42.489-05:00,IdeState,Active,tasktracker,*,-1,-1
2025-01-23T18:32:43.491-05:00,IdeState,Active,tasktracker,*,-1,-1
2025-01-23T18:32:44.494-05:00,IdeState,Active,tasktracker,*,-1,-1
2025-01-23T18:32:45.624-05:00,IdeState,Active,Editor,pies.py,0,0
2025-01-23T18:32:46.626-05:00,IdeState,Active,Editor,pies.py,2,22
2025-01-23T18:32:46.928-05:00,Action,EditorEnter,Editor,pies.py,2,22
2025-01-23T18:32:47.748-05:00,IdeState,Active,Editor,pies.py,3,4
2025-01-23T18:32:48.749-05:00,IdeState,Active,Editor,pies.py,3,5
2025-01-23T18:32:49.749-05:00,IdeState,Active,Editor,pies.py,3,5
2025-01-23T18:32:50.752-05:00,IdeState,Active,Popup,pies.py,3,5
2025-01-23T18:32:51.754-05:00,IdeState,Active,Popup,pies.py,3,5
2025-01-23T18:32:52.756-05:00,IdeState,Active,Popup,pies.py,3,5
2025-01-23T18:32:53.757-05:00,IdeState,Active,Popup,pies.py,3,5
2025-01-23T18:32:54.759-05:00,IdeState,Active,Editor,pies.py,3,5
2025-01-23T18:32:55.762-05:00,IdeState,Active,Editor,pies.py,3,7
2025-01-23T18:32:56.763-05:00,IdeState,Active,Editor,pies.py,3,14
2025-01-23T18:32:57.764-05:00,IdeState,Active,Editor,pies.py,3,18
