2025-01-22T20:47:46.019-05:00,IdeState,NoProject,,*,-1,-1
2025-01-22T20:47:47.093-05:00,IdeState,NoProject,,*,-1,-1
2025-01-22T20:47:48.104-05:00,IdeState,NoProject,,*,-1,-1
2025-01-22T20:47:49.119-05:00,IdeState,NoProject,,*,-1,-1
2025-01-22T20:47:50.141-05:00,IdeState,NoProject,,*,-1,-1
2025-01-22T20:47:51.147-05:00,IdeState,NoProject,,*,-1,-1
2025-01-22T20:47:52.163-05:00,IdeState,NoProject,,*,-1,-1
2025-01-22T20:47:53.181-05:00,IdeState,NoProject,,*,-1,-1
2025-01-22T20:47:54.205-05:00,IdeState,NoProject,,*,-1,-1
2025-01-22T20:47:55.207-05:00,IdeState,NoProject,,*,-1,-1
2025-01-22T20:47:56.317-05:00,IdeState,NoProject,,*,-1,-1
2025-01-22T20:47:57.332-05:00,IdeState,NoProject,,*,-1,-1
2025-01-22T20:47:58.431-05:00,IdeState,Active,Popup,*,-1,-1
2025-01-22T20:47:59.515-05:00,IdeState,Active,Project,*,-1,-1
2025-01-22T20:48:00.516-05:00,IdeState,Active,Project,*,-1,-1
2025-01-22T20:48:02.096-05:00,IdeState,Active,Project,*,-1,-1
2025-01-22T20:48:03.229-05:00,IdeState,Active,Project,*,-1,-1
2025-01-22T20:48:25.137-05:00,IdeState,Inactive,,*,-1,-1
2025-01-22T20:48:27.164-05:00,IdeState,NoProject,,*,-1,-1
2025-01-22T20:48:28.184-05:00,IdeState,NoProject,,*,-1,-1
2025-01-22T20:48:29.186-05:00,IdeState,NoProject,,*,-1,-1
2025-01-22T20:48:30.188-05:00,IdeState,NoProject,,*,-1,-1
2025-01-22T20:48:31.199-05:00,IdeState,NoProject,,*,-1,-1
2025-01-22T20:48:32.200-05:00,IdeState,NoProject,,*,-1,-1
2025-01-22T20:48:33.205-05:00,IdeState,NoProject,,*,-1,-1
2025-01-22T20:48:34.219-05:00,IdeState,Inactive,,*,-1,-1
2025-01-22T20:48:35.223-05:00,IdeState,Inactive,,*,-1,-1
2025-01-22T20:48:36.230-05:00,IdeState,Inactive,,*,-1,-1
2025-01-22T20:48:37.238-05:00,IdeState,Inactive,,*,-1,-1
2025-01-22T20:48:38.243-05:00,IdeState,NoProject,,*,-1,-1
2025-01-22T20:48:39.246-05:00,IdeState,NoProject,,*,-1,-1
2025-01-22T20:48:40.258-05:00,IdeState,NoProject,,*,-1,-1
2025-01-22T20:48:41.274-05:00,IdeState,Active,Popup,*,-1,-1
2025-01-22T20:48:42.907-05:00,IdeState,Active,Project,*,-1,-1
2025-01-22T20:48:43.909-05:00,IdeState,Active,Project,*,-1,-1
2025-01-22T20:48:45.339-05:00,IdeState,Active,Project,*,-1,-1
2025-01-22T20:48:46.348-05:00,IdeState,Active,Project,*,-1,-1
2025-01-22T20:48:47.351-05:00,IdeState,Active,Project,*,-1,-1
2025-01-22T20:48:48.476-05:00,IdeState,Active,Project,*,-1,-1
2025-01-22T20:48:49.536-05:00,IdeState,Active,Project,*,-1,-1
2025-01-22T20:48:50.586-05:00,IdeState,Active,tasktracker,*,-1,-1
2025-01-22T20:48:51.588-05:00,IdeState,Active,tasktracker,*,-1,-1
2025-01-22T20:48:52.607-05:00,IdeState,Active,Project,*,-1,-1
2025-01-22T20:48:53.608-05:00,IdeState,Active,tasktracker,*,-1,-1
2025-01-22T20:48:54.609-05:00,IdeState,Active,tasktracker,*,-1,-1
2025-01-22T20:48:55.611-05:00,IdeState,Active,tasktracker,*,-1,-1
2025-01-22T20:48:56.612-05:00,IdeState,Active,tasktracker,*,-1,-1
2025-01-22T20:48:57.613-05:00,IdeState,Active,tasktracker,*,-1,-1
2025-01-22T20:48:58.616-05:00,IdeState,Active,tasktracker,*,-1,-1
2025-01-22T20:48:59.618-05:00,IdeState,Active,tasktracker,*,-1,-1
2025-01-22T20:49:00.619-05:00,IdeState,Active,tasktracker,*,-1,-1
2025-01-22T20:49:01.620-05:00,IdeState,Active,tasktracker,*,-1,-1
2025-01-22T20:49:02.622-05:00,IdeState,Active,tasktracker,*,-1,-1
2025-01-22T20:49:03.625-05:00,IdeState,Active,tasktracker,*,-1,-1
2025-01-22T20:49:04.626-05:00,IdeState,Active,Dialog,*,-1,-1
2025-01-22T20:50:40.030-05:00,IdeState,Inactive,,*,-1,-1
2025-01-22T20:50:41.135-05:00,IdeState,Active,Popup,*,-1,-1
2025-01-22T20:50:43.341-05:00,IdeState,Active,Popup,*,-1,-1
2025-01-22T20:50:44.885-05:00,IdeState,Inactive,,*,-1,-1
2025-01-22T20:50:45.974-05:00,IdeState,Inactive,,*,-1,-1
2025-01-22T20:50:46.975-05:00,IdeState,Inactive,,*,-1,-1
2025-01-22T20:50:47.975-05:00,IdeState,Inactive,,*,-1,-1
2025-01-22T20:50:48.986-05:00,IdeState,Inactive,,*,-1,-1
2025-01-22T20:50:49.989-05:00,IdeState,Active,tasktracker,*,-1,-1
2025-01-22T20:50:50.990-05:00,IdeState,Active,tasktracker,*,-1,-1
2025-01-22T20:50:51.992-05:00,IdeState,Active,tasktracker,*,-1,-1
2025-01-22T20:50:52.995-05:00,IdeState,Active,tasktracker,*,-1,-1
2025-01-22T20:50:53.996-05:00,IdeState,Active,tasktracker,*,-1,-1
2025-01-22T20:50:55.010-05:00,IdeState,Active,tasktracker,*,-1,-1
2025-01-22T20:50:56.011-05:00,IdeState,Active,tasktracker,*,-1,-1
2025-01-22T20:50:57.013-05:00,IdeState,Active,tasktracker,*,-1,-1
2025-01-22T20:50:58.014-05:00,IdeState,Active,tasktracker,*,-1,-1
2025-01-22T20:50:59.015-05:00,IdeState,Active,tasktracker,*,-1,-1
2025-01-22T20:51:00.017-05:00,IdeState,Active,Popup,*,-1,-1
2025-01-22T20:51:01.018-05:00,IdeState,Active,tasktracker,*,-1,-1
2025-01-22T20:51:02.020-05:00,IdeState,Active,Project,*,-1,-1
2025-01-22T20:51:03.021-05:00,IdeState,Active,Project,*,-1,-1
2025-01-22T20:51:04.033-05:00,IdeState,Active,Project,*,-1,-1
2025-01-22T20:51:05.034-05:00,IdeState,Active,Project,*,-1,-1
2025-01-22T20:51:06.035-05:00,IdeState,Active,Project,*,-1,-1
2025-01-22T20:51:07.037-05:00,IdeState,Inactive,,*,-1,-1
2025-01-22T20:51:08.038-05:00,IdeState,Inactive,,*,-1,-1
2025-01-22T20:51:09.039-05:00,IdeState,Inactive,,*,-1,-1
2025-01-22T20:51:10.041-05:00,IdeState,Inactive,,*,-1,-1
2025-01-22T20:51:11.042-05:00,IdeState,Inactive,,*,-1,-1
2025-01-22T20:51:12.049-05:00,IdeState,Inactive,,*,-1,-1
2025-01-22T20:51:13.064-05:00,IdeState,Inactive,,*,-1,-1
2025-01-22T20:51:14.081-05:00,IdeState,Inactive,,*,-1,-1
2025-01-22T20:51:15.095-05:00,IdeState,Inactive,,*,-1,-1
2025-01-22T20:51:16.109-05:00,IdeState,Inactive,,*,-1,-1
2025-01-22T20:51:17.110-05:00,IdeState,Inactive,,*,-1,-1
2025-01-22T20:51:18.122-05:00,IdeState,Inactive,,*,-1,-1
2025-01-22T20:51:19.138-05:00,IdeState,Inactive,,*,-1,-1
2025-01-22T20:51:20.142-05:00,IdeState,Inactive,,*,-1,-1
2025-01-22T20:51:21.145-05:00,IdeState,Inactive,,*,-1,-1
2025-01-22T20:51:22.159-05:00,IdeState,Inactive,,*,-1,-1
2025-01-22T20:51:23.161-05:00,IdeState,Inactive,,*,-1,-1
2025-01-22T20:51:24.165-05:00,IdeState,Inactive,,*,-1,-1
2025-01-22T20:51:25.184-05:00,IdeState,Inactive,,*,-1,-1
2025-01-22T20:51:26.187-05:00,IdeState,Inactive,,*,-1,-1
2025-01-22T20:51:27.188-05:00,IdeState,Inactive,,*,-1,-1
2025-01-22T20:51:28.201-05:00,IdeState,Inactive,,*,-1,-1
2025-01-22T20:51:29.208-05:00,IdeState,Inactive,,*,-1,-1
2025-01-22T20:51:30.213-05:00,IdeState,Inactive,,*,-1,-1
2025-01-22T20:51:31.224-05:00,IdeState,Inactive,,*,-1,-1
2025-01-22T20:51:32.238-05:00,IdeState,Inactive,,*,-1,-1
2025-01-22T20:51:33.243-05:00,IdeState,Inactive,,*,-1,-1
2025-01-22T20:51:34.253-05:00,IdeState,Inactive,,*,-1,-1
2025-01-22T20:51:35.264-05:00,IdeState,Inactive,,*,-1,-1
2025-01-22T20:51:36.279-05:00,IdeState,Inactive,,*,-1,-1
2025-01-22T20:51:37.291-05:00,IdeState,Inactive,,*,-1,-1
2025-01-22T20:51:38.292-05:00,IdeState,Inactive,,*,-1,-1
2025-01-22T20:51:39.308-05:00,IdeState,Inactive,,*,-1,-1
2025-01-22T20:51:40.310-05:00,IdeState,Inactive,,*,-1,-1
2025-01-22T20:51:41.317-05:00,IdeState,Inactive,,*,-1,-1
2025-01-22T20:51:42.331-05:00,IdeState,Inactive,,*,-1,-1
2025-01-22T20:51:43.345-05:00,IdeState,Inactive,,*,-1,-1
2025-01-22T20:51:44.356-05:00,IdeState,Inactive,,*,-1,-1
2025-01-22T20:51:45.372-05:00,IdeState,Inactive,,*,-1,-1
2025-01-22T20:51:46.386-05:00,IdeState,Inactive,,*,-1,-1
2025-01-22T20:51:47.399-05:00,IdeState,Inactive,,*,-1,-1
2025-01-22T20:51:48.403-05:00,IdeState,Inactive,,*,-1,-1
2025-01-22T20:51:49.415-05:00,IdeState,Inactive,,*,-1,-1
2025-01-22T20:51:50.428-05:00,IdeState,Inactive,,*,-1,-1
2025-01-22T20:51:51.444-05:00,IdeState,Inactive,,*,-1,-1
2025-01-22T20:51:52.448-05:00,IdeState,Inactive,,*,-1,-1
2025-01-22T20:51:53.463-05:00,IdeState,Inactive,,*,-1,-1
2025-01-22T20:51:54.473-05:00,IdeState,Inactive,,*,-1,-1
2025-01-22T20:51:55.477-05:00,IdeState,Inactive,,*,-1,-1
2025-01-22T20:51:56.487-05:00,IdeState,Inactive,,*,-1,-1
2025-01-22T20:51:57.502-05:00,IdeState,Inactive,,*,-1,-1
2025-01-22T20:51:58.515-05:00,IdeState,Inactive,,*,-1,-1
2025-01-22T20:51:59.518-05:00,IdeState,Inactive,,*,-1,-1
2025-01-22T20:52:00.528-05:00,IdeState,Inactive,,*,-1,-1
2025-01-22T20:52:01.544-05:00,IdeState,Inactive,,*,-1,-1
2025-01-22T20:52:02.555-05:00,IdeState,Inactive,,*,-1,-1
2025-01-22T20:52:03.560-05:00,IdeState,Inactive,,*,-1,-1
2025-01-22T20:52:04.564-05:00,IdeState,Inactive,,*,-1,-1
2025-01-22T20:52:05.564-05:00,IdeState,Inactive,,*,-1,-1
2025-01-22T20:52:06.579-05:00,IdeState,Inactive,,*,-1,-1
2025-01-22T20:52:07.587-05:00,IdeState,Inactive,,*,-1,-1
2025-01-22T20:52:08.599-05:00,IdeState,Inactive,,*,-1,-1
2025-01-22T20:52:09.613-05:00,IdeState,Inactive,,*,-1,-1
2025-01-22T20:52:10.624-05:00,IdeState,Inactive,,*,-1,-1
2025-01-22T20:52:11.637-05:00,IdeState,Inactive,,*,-1,-1
2025-01-22T20:52:12.642-05:00,IdeState,Inactive,,*,-1,-1
2025-01-22T20:52:13.654-05:00,IdeState,Inactive,,*,-1,-1
2025-01-22T20:52:14.669-05:00,IdeState,Inactive,,*,-1,-1
2025-01-22T20:52:15.679-05:00,IdeState,Inactive,,*,-1,-1
2025-01-22T20:52:16.695-05:00,IdeState,Inactive,,*,-1,-1
2025-01-22T20:52:17.704-05:00,IdeState,Inactive,,*,-1,-1
2025-01-22T20:52:18.705-05:00,IdeState,Inactive,,*,-1,-1
2025-01-22T20:52:19.719-05:00,IdeState,Inactive,,*,-1,-1
2025-01-22T20:52:20.734-05:00,IdeState,Inactive,,*,-1,-1
2025-01-22T20:52:21.747-05:00,IdeState,Inactive,,*,-1,-1
2025-01-22T20:52:22.748-05:00,IdeState,Inactive,,*,-1,-1
2025-01-22T20:52:23.752-05:00,IdeState,Inactive,,*,-1,-1
2025-01-22T20:52:24.768-05:00,IdeState,Inactive,,*,-1,-1
2025-01-22T20:52:25.776-05:00,IdeState,Inactive,,*,-1,-1
2025-01-22T20:52:26.779-05:00,IdeState,Inactive,,*,-1,-1
2025-01-22T20:52:27.794-05:00,IdeState,Inactive,,*,-1,-1
2025-01-22T20:52:28.795-05:00,IdeState,Inactive,,*,-1,-1
2025-01-22T20:52:29.809-05:00,IdeState,Inactive,,*,-1,-1
2025-01-22T20:52:30.813-05:00,IdeState,Inactive,,*,-1,-1
2025-01-22T20:52:31.815-05:00,IdeState,Inactive,,*,-1,-1
2025-01-22T20:52:32.830-05:00,IdeState,Inactive,,*,-1,-1
2025-01-22T20:52:33.843-05:00,IdeState,Inactive,,*,-1,-1
2025-01-22T20:52:34.860-05:00,IdeState,Inactive,,*,-1,-1
2025-01-22T20:52:35.863-05:00,IdeState,Inactive,,*,-1,-1
2025-01-22T20:52:36.875-05:00,IdeState,Inactive,,*,-1,-1
2025-01-22T20:52:37.887-05:00,IdeState,Inactive,,*,-1,-1
2025-01-22T20:52:38.892-05:00,IdeState,Inactive,,*,-1,-1
2025-01-22T20:52:39.893-05:00,IdeState,Inactive,,*,-1,-1
2025-01-22T20:52:40.895-05:00,IdeState,Inactive,,*,-1,-1
2025-01-22T20:52:41.908-05:00,IdeState,Inactive,,*,-1,-1
2025-01-22T20:52:42.923-05:00,IdeState,Inactive,,*,-1,-1
2025-01-22T20:52:43.925-05:00,IdeState,Inactive,,*,-1,-1
2025-01-22T20:52:44.937-05:00,IdeState,Inactive,,*,-1,-1
2025-01-22T20:52:45.952-05:00,IdeState,Inactive,,*,-1,-1
2025-01-22T20:52:46.966-05:00,IdeState,Inactive,,*,-1,-1
2025-01-22T20:52:47.974-05:00,IdeState,Inactive,,*,-1,-1
2025-01-22T20:52:48.975-05:00,IdeState,Inactive,,*,-1,-1
2025-01-22T20:52:49.978-05:00,IdeState,Inactive,,*,-1,-1
2025-01-22T20:52:50.991-05:00,IdeState,Inactive,,*,-1,-1
2025-01-22T20:52:52.005-05:00,IdeState,Inactive,,*,-1,-1
2025-01-22T20:52:53.011-05:00,IdeState,Inactive,,*,-1,-1
2025-01-22T20:52:54.025-05:00,IdeState,Inactive,,*,-1,-1
2025-01-22T20:52:55.031-05:00,IdeState,Inactive,,*,-1,-1
2025-01-22T20:52:56.046-05:00,IdeState,Inactive,,*,-1,-1
2025-01-22T20:52:57.061-05:00,IdeState,Inactive,,*,-1,-1
2025-01-22T20:52:58.074-05:00,IdeState,Inactive,,*,-1,-1
2025-01-22T20:52:59.080-05:00,IdeState,Inactive,,*,-1,-1
2025-01-22T20:53:00.083-05:00,IdeState,Inactive,,*,-1,-1
2025-01-22T20:53:01.087-05:00,IdeState,Inactive,,*,-1,-1
2025-01-22T20:53:02.100-05:00,IdeState,Inactive,,*,-1,-1
2025-01-22T20:53:03.117-05:00,IdeState,Inactive,,*,-1,-1
2025-01-22T20:53:04.118-05:00,IdeState,Inactive,,*,-1,-1
2025-01-22T20:53:05.122-05:00,IdeState,Inactive,,*,-1,-1
2025-01-22T20:53:06.127-05:00,IdeState,Inactive,,*,-1,-1
2025-01-22T20:53:07.129-05:00,IdeState,Inactive,,*,-1,-1
2025-01-22T20:53:08.144-05:00,IdeState,Inactive,,*,-1,-1
2025-01-22T20:53:09.159-05:00,IdeState,Inactive,,*,-1,-1
2025-01-22T20:53:10.174-05:00,IdeState,Inactive,,*,-1,-1
2025-01-22T20:53:11.187-05:00,IdeState,Inactive,,*,-1,-1
2025-01-22T20:53:12.190-05:00,IdeState,Inactive,,*,-1,-1
2025-01-22T20:53:13.205-05:00,IdeState,Inactive,,*,-1,-1
2025-01-22T20:53:14.218-05:00,IdeState,Inactive,,*,-1,-1
2025-01-22T20:53:15.223-05:00,IdeState,Inactive,,*,-1,-1
2025-01-22T20:53:16.235-05:00,IdeState,Inactive,,*,-1,-1
2025-01-22T20:53:17.251-05:00,IdeState,Inactive,,*,-1,-1
2025-01-22T20:53:18.263-05:00,IdeState,Inactive,,*,-1,-1
2025-01-22T20:53:19.277-05:00,IdeState,Inactive,,*,-1,-1
2025-01-22T20:53:20.291-05:00,IdeState,Inactive,,*,-1,-1
2025-01-22T20:53:21.309-05:00,IdeState,Inactive,,*,-1,-1
2025-01-22T20:53:22.322-05:00,IdeState,Inactive,,*,-1,-1
2025-01-22T20:53:23.325-05:00,IdeState,Inactive,,*,-1,-1
2025-01-22T20:53:24.341-05:00,IdeState,Inactive,,*,-1,-1
2025-01-22T20:53:25.358-05:00,IdeState,Inactive,,*,-1,-1
2025-01-22T20:53:26.367-05:00,IdeState,Inactive,,*,-1,-1
2025-01-22T20:53:27.381-05:00,IdeState,Inactive,,*,-1,-1
2025-01-22T20:53:28.382-05:00,IdeState,Inactive,,*,-1,-1
2025-01-22T20:53:29.397-05:00,IdeState,Inactive,,*,-1,-1
2025-01-22T20:53:30.399-05:00,IdeState,Inactive,,*,-1,-1
2025-01-22T20:53:31.414-05:00,IdeState,Inactive,,*,-1,-1
2025-01-22T20:53:32.417-05:00,IdeState,Inactive,,*,-1,-1
2025-01-22T20:53:33.431-05:00,IdeState,Inactive,,*,-1,-1
2025-01-22T20:53:34.446-05:00,IdeState,Inactive,,*,-1,-1
2025-01-22T20:53:35.449-05:00,IdeState,Inactive,,*,-1,-1
2025-01-22T20:53:36.452-05:00,IdeState,Inactive,,*,-1,-1
2025-01-22T20:53:37.456-05:00,IdeState,Inactive,,*,-1,-1
2025-01-22T20:53:38.471-05:00,IdeState,Inactive,,*,-1,-1
2025-01-22T20:53:39.473-05:00,IdeState,Inactive,,*,-1,-1
2025-01-22T20:53:40.487-05:00,IdeState,Inactive,,*,-1,-1
2025-01-22T20:53:41.499-05:00,IdeState,Inactive,,*,-1,-1
2025-01-22T20:53:42.501-05:00,IdeState,Inactive,,*,-1,-1
2025-01-22T20:53:43.517-05:00,IdeState,Inactive,,*,-1,-1
2025-01-22T20:53:44.531-05:00,IdeState,Inactive,,*,-1,-1
2025-01-22T20:53:45.547-05:00,IdeState,Inactive,,*,-1,-1
2025-01-22T20:53:46.560-05:00,IdeState,Inactive,,*,-1,-1
2025-01-22T20:53:47.576-05:00,IdeState,Inactive,,*,-1,-1
2025-01-22T20:53:48.587-05:00,IdeState,Inactive,,*,-1,-1
2025-01-22T20:53:49.602-05:00,IdeState,Inactive,,*,-1,-1
2025-01-22T20:53:50.616-05:00,IdeState,Inactive,,*,-1,-1
2025-01-22T20:53:51.618-05:00,IdeState,Inactive,,*,-1,-1
2025-01-22T20:53:52.631-05:00,IdeState,Inactive,,*,-1,-1
2025-01-22T20:53:53.646-05:00,IdeState,Inactive,,*,-1,-1
2025-01-22T20:53:54.661-05:00,IdeState,Inactive,,*,-1,-1
2025-01-22T20:53:55.675-05:00,IdeState,Inactive,,*,-1,-1
2025-01-22T20:53:56.691-05:00,IdeState,Inactive,,*,-1,-1
2025-01-22T20:53:57.706-05:00,IdeState,Inactive,,*,-1,-1
2025-01-22T20:53:58.721-05:00,IdeState,Inactive,,*,-1,-1
2025-01-22T20:53:59.722-05:00,IdeState,Inactive,,*,-1,-1
2025-01-22T20:54:00.729-05:00,IdeState,Inactive,,*,-1,-1
2025-01-22T20:54:01.731-05:00,IdeState,Inactive,,*,-1,-1
2025-01-22T20:54:02.732-05:00,IdeState,Inactive,,*,-1,-1
2025-01-22T20:54:03.741-05:00,IdeState,Inactive,,*,-1,-1
2025-01-22T20:54:04.743-05:00,IdeState,Inactive,,*,-1,-1
2025-01-22T20:54:05.758-05:00,IdeState,Inactive,,*,-1,-1
2025-01-22T20:54:06.764-05:00,IdeState,Inactive,,*,-1,-1
2025-01-22T20:54:07.770-05:00,IdeState,Inactive,,*,-1,-1
2025-01-22T20:54:08.771-05:00,IdeState,Inactive,,*,-1,-1
2025-01-22T20:54:09.784-05:00,IdeState,Inactive,,*,-1,-1
2025-01-22T20:54:10.787-05:00,IdeState,Inactive,,*,-1,-1
2025-01-22T20:54:11.789-05:00,IdeState,Inactive,,*,-1,-1
2025-01-22T20:54:12.801-05:00,IdeState,Inactive,,*,-1,-1
2025-01-22T20:54:13.807-05:00,IdeState,Inactive,,*,-1,-1
2025-01-22T20:54:14.819-05:00,IdeState,Inactive,,*,-1,-1
2025-01-22T20:54:15.823-05:00,IdeState,Inactive,,*,-1,-1
2025-01-22T20:54:16.834-05:00,IdeState,Inactive,,*,-1,-1
2025-01-22T20:54:17.849-05:00,IdeState,Inactive,,*,-1,-1
2025-01-22T20:54:18.863-05:00,IdeState,Inactive,,*,-1,-1
2025-01-22T20:54:19.873-05:00,IdeState,Inactive,,*,-1,-1
2025-01-22T20:54:20.876-05:00,IdeState,Inactive,,*,-1,-1
2025-01-22T20:54:21.882-05:00,IdeState,Inactive,,*,-1,-1
2025-01-22T20:54:22.893-05:00,IdeState,Inactive,,*,-1,-1
2025-01-22T20:54:23.905-05:00,IdeState,Inactive,,*,-1,-1
2025-01-22T20:54:24.911-05:00,IdeState,Inactive,,*,-1,-1
2025-01-22T20:54:25.919-05:00,IdeState,Inactive,,*,-1,-1
2025-01-22T20:54:26.932-05:00,IdeState,Inactive,,*,-1,-1
2025-01-22T20:54:27.944-05:00,IdeState,Inactive,,*,-1,-1
2025-01-22T20:54:28.956-05:00,IdeState,Inactive,,*,-1,-1
2025-01-22T20:54:29.969-05:00,IdeState,Inactive,,*,-1,-1
2025-01-22T20:54:30.971-05:00,IdeState,Inactive,,*,-1,-1
2025-01-22T20:54:31.985-05:00,IdeState,Inactive,,*,-1,-1
2025-01-22T20:54:32.988-05:00,IdeState,Inactive,,*,-1,-1
2025-01-22T20:54:33.993-05:00,IdeState,Inactive,,*,-1,-1
2025-01-22T20:54:35.005-05:00,IdeState,Inactive,,*,-1,-1
2025-01-22T20:54:36.014-05:00,IdeState,Inactive,,*,-1,-1
2025-01-22T20:54:37.028-05:00,IdeState,Inactive,,*,-1,-1
2025-01-22T20:54:38.032-05:00,IdeState,Inactive,,*,-1,-1
2025-01-22T20:54:39.036-05:00,IdeState,Inactive,,*,-1,-1
2025-01-22T20:54:40.050-05:00,IdeState,Inactive,,*,-1,-1
2025-01-22T20:54:41.051-05:00,IdeState,Inactive,,*,-1,-1
2025-01-22T20:54:42.054-05:00,IdeState,Inactive,,*,-1,-1
2025-01-22T20:54:43.069-05:00,IdeState,Inactive,,*,-1,-1
2025-01-22T20:54:44.072-05:00,IdeState,Inactive,,*,-1,-1
2025-01-22T20:54:45.089-05:00,IdeState,Inactive,,*,-1,-1
2025-01-22T20:54:46.103-05:00,IdeState,Inactive,,*,-1,-1
2025-01-22T20:54:47.109-05:00,IdeState,Inactive,,*,-1,-1
2025-01-22T20:54:48.121-05:00,IdeState,Inactive,,*,-1,-1
2025-01-22T20:54:49.133-05:00,IdeState,Inactive,,*,-1,-1
2025-01-22T20:54:50.149-05:00,IdeState,Inactive,,*,-1,-1
2025-01-22T20:54:51.150-05:00,IdeState,Inactive,,*,-1,-1
2025-01-22T20:54:52.154-05:00,IdeState,Inactive,,*,-1,-1
2025-01-22T20:54:53.155-05:00,IdeState,Inactive,,*,-1,-1
2025-01-22T20:54:54.171-05:00,IdeState,Inactive,,*,-1,-1
2025-01-22T20:54:55.186-05:00,IdeState,Inactive,,*,-1,-1
2025-01-22T20:54:56.188-05:00,IdeState,Inactive,,*,-1,-1
2025-01-22T20:54:57.202-05:00,IdeState,Inactive,,*,-1,-1
2025-01-22T20:54:58.206-05:00,IdeState,Inactive,,*,-1,-1
2025-01-22T20:54:59.222-05:00,IdeState,Inactive,,*,-1,-1
2025-01-22T20:55:00.237-05:00,IdeState,Inactive,,*,-1,-1
2025-01-22T20:55:01.255-05:00,IdeState,Inactive,,*,-1,-1
2025-01-22T20:55:02.261-05:00,IdeState,Inactive,,*,-1,-1
2025-01-22T20:55:03.277-05:00,IdeState,Inactive,,*,-1,-1
2025-01-22T20:55:04.290-05:00,IdeState,Inactive,,*,-1,-1
2025-01-22T20:55:05.307-05:00,IdeState,Inactive,,*,-1,-1
2025-01-22T20:55:06.316-05:00,IdeState,Inactive,,*,-1,-1
2025-01-22T20:55:07.327-05:00,IdeState,Inactive,,*,-1,-1
2025-01-22T20:55:08.336-05:00,IdeState,Inactive,,*,-1,-1
2025-01-22T20:55:09.340-05:00,IdeState,Inactive,,*,-1,-1
2025-01-22T20:55:10.353-05:00,IdeState,Inactive,,*,-1,-1
2025-01-22T20:55:11.370-05:00,IdeState,Inactive,,*,-1,-1
2025-01-22T20:55:12.384-05:00,IdeState,Inactive,,*,-1,-1
2025-01-22T20:55:13.388-05:00,IdeState,Inactive,,*,-1,-1
2025-01-22T20:55:14.390-05:00,IdeState,Inactive,,*,-1,-1
2025-01-22T20:55:15.394-05:00,IdeState,Inactive,,*,-1,-1
2025-01-22T20:55:16.401-05:00,IdeState,Inactive,,*,-1,-1
2025-01-22T20:55:17.417-05:00,IdeState,Inactive,,*,-1,-1
2025-01-22T20:55:18.434-05:00,IdeState,Inactive,,*,-1,-1
2025-01-22T20:55:19.450-05:00,IdeState,Inactive,,*,-1,-1
2025-01-22T20:55:20.459-05:00,IdeState,Inactive,,*,-1,-1
2025-01-22T20:55:21.463-05:00,IdeState,Inactive,,*,-1,-1
2025-01-22T20:55:22.464-05:00,IdeState,Inactive,,*,-1,-1
2025-01-22T20:55:23.469-05:00,IdeState,Inactive,,*,-1,-1
2025-01-22T20:55:24.474-05:00,IdeState,Inactive,,*,-1,-1
2025-01-22T20:55:25.475-05:00,IdeState,Inactive,,*,-1,-1
2025-01-22T20:55:26.483-05:00,IdeState,Inactive,,*,-1,-1
2025-01-22T20:55:27.490-05:00,IdeState,Inactive,,*,-1,-1
2025-01-22T20:55:28.494-05:00,IdeState,Inactive,,*,-1,-1
2025-01-22T20:55:29.509-05:00,IdeState,Inactive,,*,-1,-1
2025-01-22T20:55:30.517-05:00,IdeState,Inactive,,*,-1,-1
2025-01-22T20:55:31.529-05:00,IdeState,Inactive,,*,-1,-1
2025-01-22T20:55:32.539-05:00,IdeState,Inactive,,*,-1,-1
2025-01-22T20:55:33.542-05:00,IdeState,Inactive,,*,-1,-1
2025-01-22T20:55:34.546-05:00,IdeState,Inactive,,*,-1,-1
2025-01-22T20:55:35.553-05:00,IdeState,Inactive,,*,-1,-1
2025-01-22T20:55:36.570-05:00,IdeState,Inactive,,*,-1,-1
2025-01-22T20:55:37.583-05:00,IdeState,Inactive,,*,-1,-1
2025-01-22T20:55:38.588-05:00,IdeState,Inactive,,*,-1,-1
2025-01-22T20:55:39.593-05:00,IdeState,Inactive,,*,-1,-1
2025-01-22T20:55:40.595-05:00,IdeState,Inactive,,*,-1,-1
2025-01-22T20:55:41.602-05:00,IdeState,Inactive,,*,-1,-1
2025-01-22T20:55:42.611-05:00,IdeState,Inactive,,*,-1,-1
2025-01-22T20:55:43.627-05:00,IdeState,Inactive,,*,-1,-1
2025-01-22T20:55:44.633-05:00,IdeState,Inactive,,*,-1,-1
2025-01-22T20:55:45.639-05:00,IdeState,Inactive,,*,-1,-1
2025-01-22T20:55:46.654-05:00,IdeState,Inactive,,*,-1,-1
2025-01-22T20:55:47.661-05:00,IdeState,Inactive,,*,-1,-1
2025-01-22T20:55:48.672-05:00,IdeState,Inactive,,*,-1,-1
2025-01-22T20:55:49.677-05:00,IdeState,Inactive,,*,-1,-1
2025-01-22T20:55:50.687-05:00,IdeState,Inactive,,*,-1,-1
2025-01-22T20:55:51.690-05:00,IdeState,Inactive,,*,-1,-1
2025-01-22T20:55:52.707-05:00,IdeState,Inactive,,*,-1,-1
2025-01-22T20:55:53.715-05:00,IdeState,Inactive,,*,-1,-1
2025-01-22T20:55:54.730-05:00,IdeState,Inactive,,*,-1,-1
2025-01-22T20:55:55.733-05:00,IdeState,Inactive,,*,-1,-1
2025-01-22T20:55:56.748-05:00,IdeState,Inactive,,*,-1,-1
2025-01-22T20:55:57.761-05:00,IdeState,Inactive,,*,-1,-1
2025-01-22T20:55:58.800-05:00,IdeState,Active,Project,*,-1,-1
2025-01-22T20:55:59.814-05:00,IdeState,Active,tasktracker,*,-1,-1
