date,timestamp,fileName,fileHashCode,documentHashCode,fragment,userId,testMode,program,chosenTask,programmingLanguage
2025-01-23T18:32:33.208-05:00,0,pies.py,61808,677830303,"# Write code for the pies task in this file

# Write your code here",1,ON,2001814,-1,python
2025-01-23T18:32:47.408-05:00,0,pies.py,61808,677830303,"# Write code for the pies task in this file

# Write your code here",1,ON,2001814,pies,python
2025-01-23T18:32:47.653-05:00,15,pies.py,61808,677830303,"# Write code for the pies task in this file

# Write your code here
",1,ON,2001814,pies,python
2025-01-23T18:32:47.679-05:00,20,pies.py,61808,677830303,"# Write code for the pies task in this file

# Write your code here
p",1,ON,2001814,pies,python
2025-01-23T18:32:47.708-05:00,21,pies.py,61808,677830303,"# Write code for the pies task in this file

# Write your code here
pr",1,ON,2001814,pies,python
2025-01-23T18:32:47.721-05:00,22,pies.py,61808,677830303,"# Write code for the pies task in this file

# Write your code here
pri",1,ON,2001814,pies,python
2025-01-23T18:32:48.308-05:00,23,pies.py,61808,677830303,"# Write code for the pies task in this file

# Write your code here
prin",1,ON,2001814,pies,python
2025-01-23T18:32:55.387-05:00,30,pies.py,61808,677830303,"# Write code for the pies task in this file

# Write your code here
print",1,ON,2001814,pies,python
2025-01-23T18:32:55.411-05:00,45,pies.py,61808,677830303,"# Write code for the pies task in this file

# Write your code here
print(",1,ON,2001814,pies,python
2025-01-23T18:32:55.682-05:00,46,pies.py,61808,677830303,"# Write code for the pies task in this file

# Write your code here
print()",1,ON,2001814,pies,python
2025-01-23T18:32:55.689-05:00,50,pies.py,61808,677830303,"# Write code for the pies task in this file

# Write your code here
print(')",1,ON,2001814,pies,python
2025-01-23T18:32:55.979-05:00,51,pies.py,61808,677830303,"# Write code for the pies task in this file

# Write your code here
print('')",1,ON,2001814,pies,python
2025-01-23T18:32:56.083-05:00,71,pies.py,61808,677830303,"# Write code for the pies task in this file

# Write your code here
print('h')",1,ON,2001814,pies,python
2025-01-23T18:32:56.208-05:00,107,pies.py,61808,677830303,"# Write code for the pies task in this file

# Write your code here
print('he')",1,ON,2001814,pies,python
2025-01-23T18:32:56.340-05:00,138,pies.py,61808,677830303,"# Write code for the pies task in this file

# Write your code here
print('hel')",1,ON,2001814,pies,python
2025-01-23T18:32:56.516-05:00,173,pies.py,61808,677830303,"# Write code for the pies task in this file

# Write your code here
print('hell')",1,ON,2001814,pies,python
2025-01-23T18:32:56.694-05:00,206,pies.py,61808,677830303,"# Write code for the pies task in this file

# Write your code here
print('hello')",1,ON,2001814,pies,python
2025-01-23T18:32:56.756-05:00,247,pies.py,61808,677830303,"# Write code for the pies task in this file

# Write your code here
print('hello ')",1,ON,2001814,pies,python
2025-01-23T18:32:56.820-05:00,264,pies.py,61808,677830303,"# Write code for the pies task in this file

# Write your code here
print('hello w')",1,ON,2001814,pies,python
2025-01-23T18:32:56.924-05:00,292,pies.py,61808,677830303,"# Write code for the pies task in this file

# Write your code here
print('hello wo')",1,ON,2001814,pies,python
2025-01-23T18:32:56.972-05:00,327,pies.py,61808,677830303,"# Write code for the pies task in this file

# Write your code here
print('hello wor')",1,ON,2001814,pies,python
2025-01-23T18:32:57.107-05:00,333,pies.py,61808,677830303,"# Write code for the pies task in this file

# Write your code here
print('hello worl')",1,ON,2001814,pies,python
2025-01-23T18:33:01.599-05:00,368,pies.py,61808,677830303,"# Write code for the pies task in this file

# Write your code here
print('hello world')",1,ON,2001814,pies,python
