2025-02-08T21:12:45.061-05:00,IdeState,Active,tasktracker,*,-1,-1
2025-02-08T21:12:46.379-05:00,IdeState,Active,Project,*,-1,-1
2025-02-08T21:12:47.380-05:00,IdeState,Active,Editor,max_3.py,2,22
2025-02-08T21:12:48.076-05:00,Action,EditorEnter,Editor,max_3.py,2,22
2025-02-08T21:12:48.499-05:00,IdeState,Active,Editor,max_3.py,3,0
2025-02-08T21:12:49.499-05:00,IdeState,Active,Editor,max_3.py,3,3
2025-02-08T21:12:50.500-05:00,IdeState,Active,Editor,max_3.py,3,6
2025-02-08T21:12:51.501-05:00,IdeState,Active,Editor,max_3.py,3,11
2025-02-08T21:12:52.503-05:00,IdeState,Active,Editor,max_3.py,3,12
2025-02-08T21:12:53.569-05:00,IdeState,Active,Project,*,-1,-1
2025-02-08T21:12:54.570-05:00,IdeState,Active,Project,*,-1,-1
2025-02-08T21:12:55.570-05:00,IdeState,Active,tasktracker,*,-1,-1
2025-02-08T21:12:56.571-05:00,IdeState,Active,Project,*,-1,-1
2025-02-08T21:12:57.572-05:00,IdeState,Active,Project,*,-1,-1
2025-02-08T21:12:58.572-05:00,IdeState,Active,Project,*,-1,-1
2025-02-08T21:12:59.573-05:00,IdeState,Active,Project,*,-1,-1
2025-02-08T21:13:00.574-05:00,IdeState,Active,Project,*,-1,-1
2025-02-08T21:13:01.574-05:00,IdeState,Active,Project,*,-1,-1
2025-02-08T21:13:02.575-05:00,IdeState,Active,Dialog,*,-1,-1
2025-02-08T21:13:03.576-05:00,IdeState,Active,Dialog,*,-1,-1
2025-02-08T21:13:04.577-05:00,IdeState,Active,Project,*,-1,-1
2025-02-11T10:59:55.017-05:00,IdeState,Inactive,,*,-1,-1
2025-02-11T10:59:56.061-05:00,IdeState,Active,Popup,*,-1,-1
2025-02-11T10:59:57.525-05:00,IdeState,Active,Popup,*,-1,-1
2025-02-11T10:59:58.715-05:00,IdeState,Active,Popup,*,-1,-1
2025-02-11T10:59:59.715-05:00,IdeState,Active,Popup,*,-1,-1
2025-02-11T11:00:00.685-05:00,Action,CloseProject,Popup,*,-1,-1
2025-02-11T11:00:00.751-05:00,IdeState,Active,Project,*,-1,-1
2025-02-11T11:00:01.752-05:00,IdeState,NoProject,,*,-1,-1
2025-02-11T11:00:02.753-05:00,IdeState,NoProject,,*,-1,-1
2025-02-11T11:00:03.755-05:00,IdeState,NoProject,,*,-1,-1
2025-02-11T11:00:04.755-05:00,IdeState,NoProject,,*,-1,-1
2025-02-11T11:00:05.083-05:00,Action,Vcs.VcsClone,,*,-1,-1
2025-02-11T11:00:05.756-05:00,IdeState,NoProject,,*,-1,-1
2025-02-11T11:00:06.797-05:00,Action,EditorPaste,,*,-1,-1
2025-02-11T11:00:06.830-05:00,IdeState,NoProject,,*,-1,-1
2025-02-11T11:00:07.831-05:00,IdeState,NoProject,,*,-1,-1
2025-02-11T11:00:08.831-05:00,IdeState,Inactive,,*,-1,-1
2025-02-11T11:00:09.833-05:00,IdeState,Inactive,,*,-1,-1
2025-02-11T11:00:10.833-05:00,IdeState,Inactive,,*,-1,-1
2025-02-11T11:00:11.834-05:00,IdeState,NoProject,,*,-1,-1
2025-02-11T11:00:12.835-05:00,IdeState,NoProject,,*,-1,-1
2025-02-11T11:00:13.836-05:00,IdeState,NoProject,,*,-1,-1
2025-02-11T11:00:14.222-05:00,Action,EditorPaste,,*,-1,-1
2025-02-11T11:00:14.836-05:00,IdeState,NoProject,,*,-1,-1
2025-02-11T11:00:15.837-05:00,IdeState,NoProject,,*,-1,-1
2025-02-11T11:00:16.838-05:00,IdeState,NoProject,,*,-1,-1
2025-02-11T11:00:17.840-05:00,IdeState,NoProject,,*,-1,-1
2025-02-11T11:00:18.841-05:00,IdeState,NoProject,,*,-1,-1
2025-02-11T11:00:19.842-05:00,IdeState,NoProject,,*,-1,-1
2025-02-11T11:00:20.843-05:00,IdeState,NoProject,,*,-1,-1
2025-02-11T11:00:21.844-05:00,IdeState,NoProject,,*,-1,-1
2025-02-11T11:00:22.845-05:00,IdeState,NoProject,,*,-1,-1
2025-02-11T11:00:23.846-05:00,IdeState,NoProject,,*,-1,-1
2025-02-11T11:00:24.847-05:00,IdeState,NoProject,,*,-1,-1
2025-02-11T11:00:25.847-05:00,IdeState,Inactive,,*,-1,-1
2025-02-11T11:00:26.848-05:00,IdeState,Inactive,,*,-1,-1
2025-02-11T11:00:27.849-05:00,IdeState,Inactive,,*,-1,-1
2025-02-11T11:00:28.850-05:00,IdeState,Inactive,,*,-1,-1
2025-02-11T11:00:29.850-05:00,IdeState,Inactive,,*,-1,-1
2025-02-11T11:00:30.851-05:00,IdeState,NoProject,,*,-1,-1
2025-02-11T11:00:31.853-05:00,IdeState,NoProject,,*,-1,-1
2025-02-11T11:00:32.854-05:00,IdeState,NoProject,,*,-1,-1
2025-02-11T11:00:33.855-05:00,IdeState,NoProject,,*,-1,-1
2025-02-11T11:00:34.855-05:00,IdeState,NoProject,,*,-1,-1
2025-02-11T11:00:35.581-05:00,Action,EditorPaste,,*,-1,-1
2025-02-11T11:00:35.855-05:00,IdeState,NoProject,,*,-1,-1
2025-02-11T11:00:36.856-05:00,IdeState,NoProject,,*,-1,-1
2025-02-11T11:00:37.857-05:00,IdeState,NoProject,,*,-1,-1
2025-02-11T11:00:38.858-05:00,IdeState,NoProject,,*,-1,-1
2025-02-11T11:00:39.860-05:00,IdeState,NoProject,,*,-1,-1
2025-02-11T11:00:40.860-05:00,IdeState,NoProject,,*,-1,-1
2025-02-11T11:00:41.861-05:00,IdeState,NoProject,,*,-1,-1
2025-02-11T11:00:42.862-05:00,IdeState,NoProject,,*,-1,-1
2025-02-11T11:00:43.863-05:00,IdeState,NoProject,,*,-1,-1
2025-02-11T11:00:44.863-05:00,IdeState,NoProject,,*,-1,-1
2025-02-11T11:00:45.864-05:00,IdeState,NoProject,,*,-1,-1
2025-02-11T11:00:46.865-05:00,IdeState,Inactive,,*,-1,-1
2025-02-11T11:00:47.865-05:00,IdeState,Inactive,,*,-1,-1
2025-02-11T11:00:48.866-05:00,IdeState,Inactive,,*,-1,-1
2025-02-11T11:00:49.867-05:00,IdeState,NoProject,,*,-1,-1
2025-02-11T11:00:50.868-05:00,IdeState,NoProject,,*,-1,-1
2025-02-11T11:00:51.881-05:00,IdeState,NoProject,,*,-1,-1
2025-02-11T11:00:53.678-05:00,IdeState,Inactive,,*,-1,-1
2025-02-11T11:00:54.876-05:00,IdeState,Inactive,,*,-1,-1
2025-02-11T11:00:55.885-05:00,IdeState,Active,Popup,*,0,0
2025-02-11T11:00:56.887-05:00,IdeState,Active,Popup,*,0,0
2025-02-11T11:00:57.902-05:00,IdeState,Active,Popup,*,0,0
2025-02-11T11:00:58.903-05:00,IdeState,Active,Popup,*,0,0
2025-02-11T11:00:59.903-05:00,IdeState,Active,Popup,*,0,0
2025-02-11T11:01:00.904-05:00,IdeState,Active,Popup,*,0,0
2025-02-11T11:01:01.415-05:00,Action,SettingsEntryPoint,Popup,*,0,0
2025-02-11T11:01:01.905-05:00,IdeState,Active,Popup,*,0,0
2025-02-11T11:01:02.385-05:00,Action,WelcomeScreen.Plugins,,*,-1,-1
2025-02-11T11:01:04.224-05:00,IdeState,Active,Popup,*,0,0
2025-02-11T11:01:05.225-05:00,IdeState,Active,Dialog,*,0,0
2025-02-11T11:01:06.250-05:00,IdeState,Active,Dialog,*,0,0
2025-02-11T11:01:07.251-05:00,IdeState,Active,Dialog,*,0,0
2025-02-11T11:01:08.252-05:00,IdeState,Active,Dialog,*,0,0
2025-02-11T11:01:09.252-05:00,IdeState,Active,Dialog,*,0,0
2025-02-11T11:01:10.253-05:00,IdeState,Active,Dialog,*,0,0
2025-02-11T11:01:11.253-05:00,IdeState,Active,Dialog,*,0,0
2025-02-11T11:01:12.256-05:00,IdeState,Active,Dialog,*,0,0
2025-02-11T11:01:13.256-05:00,IdeState,Active,Dialog,*,0,0
2025-02-11T11:01:14.257-05:00,IdeState,Active,Dialog,*,0,0
2025-02-24T21:07:04.030-05:00,IdeState,Inactive,,*,-1,-1
2025-02-24T21:07:05.357-05:00,IdeState,Inactive,,*,-1,-1
2025-02-24T21:07:07.044-05:00,IdeState,Inactive,,*,-1,-1
2025-02-24T21:07:08.570-05:00,IdeState,Inactive,,*,-1,-1
2025-02-24T21:07:10.801-05:00,IdeState,Inactive,,*,-1,-1
2025-02-24T21:07:11.802-05:00,IdeState,Active,Popup,*,-1,-1
2025-02-24T21:07:12.804-05:00,IdeState,Active,Popup,*,-1,-1
2025-02-24T21:07:13.808-05:00,IdeState,Inactive,,*,-1,-1
2025-02-24T21:07:14.824-05:00,IdeState,Inactive,,*,-1,-1
2025-02-24T21:07:15.825-05:00,IdeState,Inactive,,*,-1,-1
2025-02-24T21:07:16.825-05:00,IdeState,Inactive,,*,-1,-1
2025-02-24T21:07:17.826-05:00,IdeState,Inactive,,*,-1,-1
2025-02-24T21:07:18.826-05:00,IdeState,Inactive,,*,-1,-1
2025-02-24T21:07:19.827-05:00,IdeState,Inactive,,*,-1,-1
2025-02-24T21:07:20.827-05:00,IdeState,Inactive,,*,-1,-1
2025-02-24T21:07:21.828-05:00,IdeState,Inactive,,*,-1,-1
2025-02-24T21:07:22.828-05:00,IdeState,Inactive,,*,-1,-1
2025-02-24T21:07:23.829-05:00,IdeState,Inactive,,*,-1,-1
2025-02-24T21:07:24.830-05:00,IdeState,Inactive,,*,-1,-1
2025-02-24T21:07:25.830-05:00,IdeState,Inactive,,*,-1,-1
2025-02-24T21:07:26.831-05:00,IdeState,Inactive,,*,-1,-1
2025-02-24T21:07:27.832-05:00,IdeState,Inactive,,*,-1,-1
2025-02-24T21:07:28.833-05:00,IdeState,Inactive,,*,-1,-1
2025-02-24T21:07:29.834-05:00,IdeState,Inactive,,*,-1,-1
2025-02-24T21:07:30.834-05:00,IdeState,Inactive,,*,-1,-1
2025-02-24T21:07:31.835-05:00,IdeState,Inactive,,*,-1,-1
2025-02-24T21:07:32.836-05:00,IdeState,Inactive,,*,-1,-1
2025-02-24T21:07:33.837-05:00,IdeState,Inactive,,*,-1,-1
2025-02-24T21:07:34.838-05:00,IdeState,Inactive,,*,-1,-1
2025-02-24T21:07:35.841-05:00,IdeState,Active,Popup,*,-1,-1
2025-02-24T21:07:36.842-05:00,IdeState,Active,Popup,*,-1,-1
2025-02-24T21:07:37.843-05:00,IdeState,Inactive,,*,-1,-1
2025-02-24T21:07:38.843-05:00,IdeState,Inactive,,*,-1,-1
2025-02-24T21:07:39.844-05:00,IdeState,Active,Popup,*,-1,-1
2025-02-24T21:07:40.845-05:00,IdeState,Active,Popup,*,-1,-1
2025-02-24T21:07:41.847-05:00,IdeState,Active,tasktracker,*,-1,-1
2025-02-24T21:07:42.847-05:00,IdeState,Active,tasktracker,*,-1,-1
2025-02-24T21:07:55.010-05:00,IdeState,Inactive,,*,-1,-1
2025-02-24T21:07:56.160-05:00,IdeState,Active,Popup,*,-1,-1
2025-02-24T21:07:57.972-05:00,IdeState,Active,Popup,*,-1,-1
2025-02-24T21:07:59.373-05:00,IdeState,Active,Project,*,-1,-1
2025-02-24T21:08:00.374-05:00,IdeState,Active,Project,*,-1,-1
2025-02-24T21:08:01.429-05:00,IdeState,Active,Project,*,-1,-1
2025-02-24T21:08:02.430-05:00,IdeState,Active,Project,*,-1,-1
2025-02-24T21:08:03.453-05:00,IdeState,Active,Project,*,-1,-1
2025-02-24T21:08:04.453-05:00,IdeState,Active,Project,*,-1,-1
2025-02-24T21:08:05.454-05:00,IdeState,Active,Project,*,-1,-1
2025-02-24T21:08:06.455-05:00,IdeState,Active,Project,*,-1,-1
2025-02-24T21:08:07.456-05:00,IdeState,Active,Project,*,-1,-1
2025-02-24T21:08:08.457-05:00,IdeState,Active,Project,*,-1,-1
2025-02-24T21:08:09.459-05:00,IdeState,Active,Project,*,-1,-1
2025-02-24T21:08:10.460-05:00,IdeState,Active,Project,*,-1,-1
2025-02-24T21:08:11.461-05:00,IdeState,Active,Project,*,-1,-1
2025-02-24T21:08:12.462-05:00,IdeState,Active,Project,*,-1,-1
2025-02-24T21:08:13.463-05:00,IdeState,Active,Project,*,-1,-1
2025-02-24T21:08:14.464-05:00,IdeState,Active,Project,*,-1,-1
2025-02-24T21:08:15.466-05:00,IdeState,Active,Project,*,-1,-1
2025-02-24T21:08:16.467-05:00,IdeState,Active,Project,*,-1,-1
2025-02-24T21:08:17.467-05:00,IdeState,Active,Project,*,-1,-1
2025-02-24T21:08:18.468-05:00,IdeState,Active,Project,*,-1,-1
2025-02-24T21:08:19.469-05:00,IdeState,Active,Project,*,-1,-1
2025-02-24T21:08:20.470-05:00,IdeState,Active,Project,*,-1,-1
2025-02-24T21:08:21.471-05:00,IdeState,Active,Project,*,-1,-1
2025-02-24T21:08:22.472-05:00,IdeState,Active,Project,*,-1,-1
2025-02-24T21:08:23.473-05:00,IdeState,Active,Project,*,-1,-1
2025-02-24T21:08:24.474-05:00,IdeState,Active,Project,*,-1,-1
2025-02-24T21:08:25.475-05:00,IdeState,Active,Project,*,-1,-1
2025-02-24T21:08:26.476-05:00,IdeState,Active,Project,*,-1,-1
2025-02-24T21:08:27.478-05:00,IdeState,Active,Project,*,-1,-1
2025-02-24T21:08:28.479-05:00,IdeState,Active,tasktracker,*,-1,-1
2025-02-24T21:08:29.480-05:00,IdeState,Active,tasktracker,*,-1,-1
2025-02-24T21:08:30.481-05:00,IdeState,Active,tasktracker,*,-1,-1
2025-02-24T21:08:31.482-05:00,IdeState,Active,tasktracker,*,-1,-1
2025-02-24T21:08:32.483-05:00,IdeState,Active,tasktracker,*,-1,-1
2025-02-24T21:08:33.484-05:00,IdeState,Active,tasktracker,*,-1,-1
2025-02-24T21:08:34.485-05:00,IdeState,Active,tasktracker,*,-1,-1
2025-02-24T21:08:35.486-05:00,IdeState,Active,tasktracker,*,-1,-1
2025-02-24T21:08:36.487-05:00,IdeState,Active,tasktracker,*,-1,-1
2025-02-24T21:08:37.488-05:00,IdeState,Active,tasktracker,*,-1,-1
2025-02-24T21:08:38.489-05:00,IdeState,Active,tasktracker,*,-1,-1
2025-02-24T21:08:39.494-05:00,IdeState,Active,Project,*,-1,-1
2025-02-24T21:08:40.495-05:00,IdeState,Active,Project,*,-1,-1
2025-02-24T21:08:41.495-05:00,IdeState,Active,Project,*,-1,-1
2025-02-24T21:08:42.497-05:00,IdeState,Active,Project,*,-1,-1
2025-02-24T21:08:43.498-05:00,IdeState,Active,Project,*,-1,-1
2025-02-24T21:08:44.499-05:00,IdeState,Active,Project,*,-1,-1
2025-02-24T21:08:45.500-05:00,IdeState,Active,Project,*,-1,-1
2025-02-24T21:08:46.501-05:00,IdeState,Active,Project,*,-1,-1
2025-02-24T21:08:47.502-05:00,IdeState,Active,Project,*,-1,-1
2025-02-24T21:08:48.503-05:00,IdeState,Active,Project,*,-1,-1
2025-02-24T21:08:49.505-05:00,IdeState,Active,Project,*,-1,-1
2025-02-24T21:08:50.506-05:00,IdeState,Active,Project,*,-1,-1
2025-02-24T21:08:51.507-05:00,IdeState,Active,Project,*,-1,-1
2025-02-24T21:08:52.509-05:00,IdeState,Active,Project,*,-1,-1
2025-02-24T21:08:53.510-05:00,IdeState,Active,Project,*,-1,-1
2025-02-24T21:08:54.510-05:00,IdeState,Active,Project,*,-1,-1
2025-02-24T21:08:55.511-05:00,IdeState,Active,Project,*,-1,-1
2025-02-24T21:08:56.512-05:00,IdeState,Active,Project,*,-1,-1
2025-02-24T21:08:57.513-05:00,IdeState,Active,Project,*,-1,-1
2025-02-24T21:08:58.514-05:00,IdeState,Inactive,,*,-1,-1
2025-02-24T21:08:59.515-05:00,IdeState,Inactive,,*,-1,-1
2025-02-24T21:09:00.517-05:00,IdeState,Inactive,,*,-1,-1
2025-02-24T21:09:01.518-05:00,IdeState,Inactive,,*,-1,-1
2025-02-24T21:09:02.518-05:00,IdeState,Inactive,,*,-1,-1
2025-02-24T21:09:03.519-05:00,IdeState,Inactive,,*,-1,-1
2025-02-24T21:09:04.520-05:00,IdeState,Active,Project,*,-1,-1
2025-02-24T21:09:05.521-05:00,IdeState,Active,tasktracker,*,-1,-1
2025-02-24T21:09:06.521-05:00,IdeState,Active,tasktracker,*,-1,-1
2025-02-24T21:09:07.522-05:00,IdeState,Active,tasktracker,*,-1,-1
2025-02-24T21:09:08.523-05:00,IdeState,Active,tasktracker,*,-1,-1
2025-02-24T21:09:09.526-05:00,IdeState,Active,Editor,pies.py,0,0
2025-02-24T21:09:10.527-05:00,IdeState,Inactive,,*,-1,-1
2025-02-24T21:09:11.528-05:00,IdeState,Inactive,,*,-1,-1
2025-02-24T21:09:12.531-05:00,IdeState,Inactive,,*,-1,-1
2025-02-24T21:09:13.532-05:00,IdeState,Inactive,,*,-1,-1
2025-02-24T21:09:14.533-05:00,IdeState,Inactive,,*,-1,-1
2025-02-24T21:09:15.534-05:00,IdeState,Inactive,,*,-1,-1
2025-02-24T21:09:16.535-05:00,IdeState,Inactive,,*,-1,-1
2025-02-24T21:09:17.536-05:00,IdeState,Active,Editor,pies.py,0,0
2025-02-24T21:09:18.536-05:00,IdeState,Inactive,,*,-1,-1
2025-02-24T21:09:19.537-05:00,IdeState,Inactive,,*,-1,-1
2025-02-24T21:09:20.538-05:00,IdeState,Inactive,,*,-1,-1
2025-02-24T21:09:21.539-05:00,IdeState,Inactive,,*,-1,-1
2025-02-24T21:09:22.540-05:00,IdeState,Inactive,,*,-1,-1
2025-02-24T21:09:23.540-05:00,IdeState,Inactive,,*,-1,-1
2025-02-24T21:09:24.541-05:00,IdeState,Inactive,,*,-1,-1
2025-02-24T21:09:25.542-05:00,IdeState,Inactive,,*,-1,-1
2025-02-24T21:09:26.543-05:00,IdeState,Inactive,,*,-1,-1
2025-02-24T21:09:27.544-05:00,IdeState,Inactive,,*,-1,-1
2025-02-24T21:09:28.545-05:00,IdeState,Inactive,,*,-1,-1
2025-02-24T21:09:29.546-05:00,IdeState,Inactive,,*,-1,-1
2025-02-24T21:09:30.547-05:00,IdeState,Inactive,,*,-1,-1
2025-02-24T21:09:31.548-05:00,IdeState,Inactive,,*,-1,-1
2025-02-24T21:09:32.549-05:00,IdeState,Inactive,,*,-1,-1
2025-02-24T21:09:33.550-05:00,IdeState,Inactive,,*,-1,-1
2025-02-24T21:09:34.551-05:00,IdeState,Inactive,,*,-1,-1
2025-02-24T21:09:35.551-05:00,IdeState,Inactive,,*,-1,-1
2025-02-24T21:09:36.552-05:00,IdeState,Inactive,,*,-1,-1
2025-02-24T21:09:37.552-05:00,IdeState,Inactive,,*,-1,-1
2025-02-24T21:09:38.553-05:00,IdeState,Inactive,,*,-1,-1
2025-02-24T21:09:39.553-05:00,IdeState,Inactive,,*,-1,-1
2025-02-24T21:09:40.554-05:00,IdeState,Inactive,,*,-1,-1
2025-02-24T21:09:41.555-05:00,IdeState,Inactive,,*,-1,-1
2025-02-24T21:09:42.556-05:00,IdeState,Inactive,,*,-1,-1
2025-02-24T21:09:43.557-05:00,IdeState,Inactive,,*,-1,-1
2025-02-24T21:09:44.558-05:00,IdeState,Inactive,,*,-1,-1
2025-02-24T21:09:45.559-05:00,IdeState,Inactive,,*,-1,-1
2025-02-24T21:09:46.560-05:00,IdeState,Inactive,,*,-1,-1
2025-02-24T21:09:47.561-05:00,IdeState,Inactive,,*,-1,-1
2025-02-24T21:09:48.562-05:00,IdeState,Inactive,,*,-1,-1
2025-02-24T21:09:49.563-05:00,IdeState,Inactive,,*,-1,-1
2025-02-24T21:09:50.564-05:00,IdeState,Inactive,,*,-1,-1
2025-02-24T21:09:51.565-05:00,IdeState,Inactive,,*,-1,-1
2025-02-24T21:09:52.566-05:00,IdeState,Inactive,,*,-1,-1
2025-02-24T21:09:53.567-05:00,IdeState,Inactive,,*,-1,-1
2025-02-24T21:09:54.568-05:00,IdeState,Inactive,,*,-1,-1
2025-02-24T21:09:55.569-05:00,IdeState,Inactive,,*,-1,-1
2025-02-24T21:09:56.569-05:00,IdeState,Active,Editor,pies.py,0,0
2025-02-24T21:09:57.570-05:00,IdeState,Active,Editor,pies.py,0,0
2025-02-24T21:09:58.571-05:00,IdeState,Active,Editor,pies.py,0,0
2025-02-24T21:09:59.571-05:00,IdeState,Active,Editor,pies.py,2,14
2025-02-24T21:10:00.700-05:00,IdeState,Active,tasktracker,pies.py,2,14
2025-02-24T21:10:01.701-05:00,IdeState,Active,tasktracker,pies.py,2,14
2025-02-24T21:10:02.702-05:00,IdeState,Active,Editor,pies.py,2,22
2025-02-24T21:10:02.977-05:00,Action,EditorEnter,Editor,pies.py,2,22
2025-02-24T21:10:03.703-05:00,IdeState,Active,Editor,pies.py,3,0
2025-02-24T21:10:04.710-05:00,IdeState,Active,Editor,pies.py,3,1
2025-02-24T21:10:05.725-05:00,IdeState,Active,Editor,pies.py,3,8
2025-02-24T21:10:06.725-05:00,IdeState,Active,Editor,pies.py,3,9
2025-02-24T21:10:06.876-05:00,Action,EditorBackSpace,Editor,pies.py,3,9
2025-02-24T21:10:06.992-05:00,Action,EditorBackSpace,Editor,pies.py,3,8
2025-02-24T21:10:07.726-05:00,IdeState,Active,Editor,pies.py,3,10
2025-02-24T21:10:08.734-05:00,IdeState,Active,Editor,pies.py,3,13
2025-02-24T21:10:09.735-05:00,IdeState,Active,Editor,pies.py,3,13
2025-02-24T21:10:10.735-05:00,IdeState,Active,Editor,pies.py,3,13
2025-02-24T21:10:11.736-05:00,IdeState,Active,Editor,pies.py,3,14
2025-02-24T21:10:12.263-05:00,Action,EditorDown,Editor,pies.py,3,14
2025-02-24T21:10:12.423-05:00,Action,EditorDown,Editor,pies.py,3,16
2025-02-24T21:10:12.736-05:00,IdeState,Active,Editor,pies.py,3,16
2025-02-24T21:10:12.877-05:00,Action,EditorEnter,Editor,pies.py,3,16
2025-02-24T21:10:13.776-05:00,IdeState,Active,Editor,pies.py,4,1
2025-02-24T21:10:14.328-05:00,Action,InsertInlineCompletionAction,Editor,pies.py,4,1
2025-02-24T21:10:14.727-05:00,Action,EditorEnter,Editor,pies.py,4,16
2025-02-24T21:10:14.776-05:00,IdeState,Active,Editor,pies.py,5,0
2025-02-24T21:10:15.808-05:00,IdeState,Active,Editor,pies.py,5,1
2025-02-24T21:10:16.809-05:00,IdeState,Active,Editor,pies.py,5,2
2025-02-24T21:10:16.916-05:00,Action,InsertInlineCompletionAction,Editor,pies.py,5,2
2025-02-24T21:10:17.556-05:00,Action,EditorEnter,Editor,pies.py,5,16
2025-02-24T21:10:17.809-05:00,IdeState,Active,Editor,pies.py,6,0
2025-02-24T21:10:17.907-05:00,Action,EditorEnter,Editor,pies.py,6,0
2025-02-24T21:10:18.810-05:00,IdeState,Active,Editor,pies.py,7,4
2025-02-24T21:10:19.295-05:00,Action,EditorBackSpace,Editor,pies.py,7,4
2025-02-24T21:10:19.440-05:00,Action,EditorBackSpace,Editor,pies.py,7,3
2025-02-24T21:10:19.606-05:00,Action,EditorBackSpace,Editor,pies.py,7,2
2025-02-24T21:10:19.810-05:00,IdeState,Active,Editor,pies.py,7,1
2025-02-24T21:10:20.811-05:00,IdeState,Active,Editor,pies.py,7,1
2025-02-24T21:10:21.812-05:00,IdeState,Inactive,,*,-1,-1
2025-02-24T21:10:22.812-05:00,IdeState,Inactive,,*,-1,-1
2025-02-24T21:10:23.815-05:00,IdeState,Inactive,,*,-1,-1
2025-02-24T21:10:24.450-05:00,Action,EditorBackSpace,Editor,pies.py,7,1
2025-02-24T21:10:24.775-05:00,Action,EditorPaste,Editor,pies.py,7,0
2025-02-24T21:10:24.908-05:00,IdeState,Active,Editor,pies.py,12,35
2025-02-24T21:10:25.908-05:00,IdeState,Active,Editor,pies.py,12,35
2025-02-24T21:10:26.869-05:00,Action,EditorEnter,Editor,pies.py,12,35
2025-02-24T21:10:26.909-05:00,IdeState,Active,Editor,pies.py,13,0
2025-02-24T21:10:27.024-05:00,Action,EditorEnter,Editor,pies.py,13,0
2025-02-24T21:10:27.911-05:00,IdeState,Active,Editor,pies.py,14,3
2025-02-24T21:10:28.915-05:00,IdeState,Active,Editor,pies.py,14,6
2025-02-24T21:10:29.190-05:00,Action,InsertInlineCompletionAction,Editor,pies.py,14,6
2025-02-24T21:10:29.915-05:00,IdeState,Active,Editor,pies.py,14,20
2025-02-24T21:10:30.916-05:00,IdeState,Active,Editor,pies.py,14,22
2025-02-24T21:10:31.917-05:00,IdeState,Active,Editor,pies.py,14,26
2025-02-24T21:10:32.147-05:00,Action,EditorBackSpace,Editor,pies.py,14,26
2025-02-24T21:10:32.303-05:00,Action,EditorBackSpace,Editor,pies.py,14,25
2025-02-24T21:10:32.445-05:00,Action,EditorBackSpace,Editor,pies.py,14,24
2025-02-24T21:10:32.605-05:00,Action,EditorBackSpace,Editor,pies.py,14,23
2025-02-24T21:10:32.761-05:00,Action,EditorBackSpace,Editor,pies.py,14,22
2025-02-24T21:10:32.905-05:00,Action,EditorBackSpace,Editor,pies.py,14,21
2025-02-24T21:10:32.917-05:00,IdeState,Active,Editor,pies.py,14,20
2025-02-24T21:10:33.927-05:00,IdeState,Active,Editor,pies.py,14,20
2025-02-24T21:10:34.593-05:00,Action,EditorLeft,Editor,pies.py,14,20
2025-02-24T21:10:34.928-05:00,IdeState,Active,Editor,pies.py,14,19
2025-02-24T21:10:35.928-05:00,IdeState,Active,Editor,pies.py,14,25
2025-02-24T21:10:36.929-05:00,IdeState,Active,Editor,pies.py,14,31
2025-02-24T21:10:37.223-05:00,Action,InsertInlineCompletionAction,Editor,pies.py,14,31
2025-02-24T21:10:37.929-05:00,IdeState,Active,Editor,pies.py,14,36
2025-02-24T21:10:38.930-05:00,IdeState,Active,Editor,pies.py,14,36
2025-02-24T21:10:39.364-05:00,Action,Run,Editor,pies.py,14,36
2025-02-24T21:10:39.803-05:00,Execution,"Run:'Python: pies':/home/daniel-hinbest/PycharmProjects/PythonProject/.venv/bin/python /home/daniel-hinbest/PycharmProjects/PythonProject/tasktracker/python/pies.py ",Editor,pies.py,14,36
2025-02-24T21:10:39.992-05:00,IdeState,Active,Editor,pies.py,14,36
2025-02-24T21:10:40.993-05:00,IdeState,Active,Editor,pies.py,14,36
2025-02-24T21:10:41.993-05:00,IdeState,Active,Editor,pies.py,14,36
2025-02-24T21:10:42.994-05:00,IdeState,Active,Editor,pies.py,14,36
2025-02-24T21:10:43.995-05:00,IdeState,Active,Editor,pies.py,14,36
2025-02-24T21:10:44.996-05:00,IdeState,Inactive,,*,-1,-1
2025-02-24T21:10:45.997-05:00,IdeState,Active,Editor,pies.py,14,36
2025-02-24T21:10:46.997-05:00,IdeState,Active,Editor,pies.py,14,36
2025-02-24T21:10:47.998-05:00,IdeState,Active,Editor,pies.py,14,36
2025-02-24T21:10:48.998-05:00,IdeState,Active,Editor,pies.py,14,36
2025-02-24T21:10:49.999-05:00,IdeState,Active,Editor,pies.py,14,36
2025-02-24T21:10:50.999-05:00,IdeState,Active,Editor,pies.py,14,36
2025-02-24T21:10:51.999-05:00,IdeState,Active,tasktracker,pies.py,14,36
2025-02-24T21:10:53.000-05:00,IdeState,Active,tasktracker,pies.py,14,36
2025-02-24T21:10:54.001-05:00,IdeState,Active,tasktracker,pies.py,14,36
2025-02-24T21:10:55.002-05:00,IdeState,Active,tasktracker,pies.py,14,36
2025-02-24T21:10:56.013-05:00,IdeState,Active,tasktracker,pies.py,14,36
2025-02-24T21:10:57.024-05:00,IdeState,Active,tasktracker,pies.py,14,36
2025-02-24T21:10:58.025-05:00,IdeState,Active,tasktracker,pies.py,14,36
2025-02-24T21:10:59.025-05:00,IdeState,Active,Project,pies.py,14,36
2025-02-24T21:11:00.025-05:00,IdeState,Active,Project,pies.py,14,36
2025-02-24T21:11:01.026-05:00,IdeState,Active,Project,pies.py,14,36
2025-02-24T21:11:02.026-05:00,IdeState,Active,Project,pies.py,14,36
2025-02-24T21:11:03.027-05:00,IdeState,Active,Project,pies.py,14,36
2025-02-24T21:11:04.027-05:00,IdeState,Active,Project,pies.py,14,36
2025-02-24T21:11:05.028-05:00,IdeState,Active,Project,pies.py,14,36
2025-02-24T21:11:06.030-05:00,IdeState,Active,Project,pies.py,14,36
2025-02-24T21:11:07.031-05:00,IdeState,Active,Project,pies.py,14,36
2025-02-24T21:11:08.032-05:00,IdeState,Active,Project,pies.py,14,36
2025-02-24T21:11:09.033-05:00,IdeState,Inactive,,*,-1,-1
2025-02-24T21:11:10.033-05:00,IdeState,Inactive,,*,-1,-1
2025-02-24T21:11:11.034-05:00,IdeState,Inactive,,*,-1,-1
2025-02-24T21:11:12.034-05:00,IdeState,Inactive,,*,-1,-1
2025-02-24T21:11:13.035-05:00,IdeState,Inactive,,*,-1,-1
2025-02-24T21:11:14.035-05:00,IdeState,Inactive,,*,-1,-1
2025-02-24T21:11:15.036-05:00,IdeState,Inactive,,*,-1,-1
2025-02-24T21:11:16.037-05:00,IdeState,Inactive,,*,-1,-1
2025-02-24T21:11:17.037-05:00,IdeState,Inactive,,*,-1,-1
2025-02-24T21:11:18.037-05:00,IdeState,Inactive,,*,-1,-1
2025-02-24T21:11:19.038-05:00,IdeState,Inactive,,*,-1,-1
2025-02-24T21:11:20.038-05:00,IdeState,Inactive,,*,-1,-1
2025-02-24T21:11:21.038-05:00,IdeState,Active,Project,pies.py,14,36
2025-02-24T21:11:22.039-05:00,IdeState,Active,Project,pies.py,14,36
2025-02-24T21:11:23.040-05:00,IdeState,Active,Editor,pies.py,14,37
2025-02-24T21:11:24.041-05:00,IdeState,Active,Editor,pies.py,14,37
2025-02-24T21:11:24.803-05:00,Action,EditorEnter,Editor,pies.py,14,37
2025-02-24T21:11:25.042-05:00,IdeState,Active,Editor,pies.py,14,37
2025-02-24T21:11:26.042-05:00,IdeState,Active,Editor,pies.py,14,37
2025-02-24T21:11:26.200-05:00,Action,EditorEnter,Editor,pies.py,14,37
2025-02-24T21:11:26.690-05:00,Action,EditorEnter,Editor,pies.py,14,37
2025-02-24T21:11:27.043-05:00,IdeState,Active,Editor,pies.py,14,37
2025-02-24T21:11:28.044-05:00,IdeState,Active,Editor,pies.py,14,37
2025-02-24T21:11:29.045-05:00,IdeState,Active,Editor,pies.py,14,37
2025-02-24T21:11:30.045-05:00,IdeState,Active,Editor,pies.py,14,37
2025-02-24T21:11:31.046-05:00,IdeState,Active,Editor,pies.py,14,37
2025-02-24T21:11:32.047-05:00,IdeState,Active,Editor,pies.py,14,37
2025-02-24T21:11:33.048-05:00,IdeState,Active,Editor,pies.py,14,37
2025-02-24T21:11:34.049-05:00,IdeState,Active,Editor,pies.py,14,37
